customer_id,first_name,last_name,email,phone,age,city,state,company,customer_type,status,total_orders,total_spent,created_at
CUST-0001,User0001,Test0001,user0001@example.com,+91-9000000001,21,Pune,Delhi,Globex,Enterprise,Inactive,1,1001.25,2025-02-02
CUST-0002,User0002,Test0002,user0002@example.com,+91-9000000002,22,Delhi,Karnataka,Initech,Individual,Pending,2,1002.50,2025-03-03
CUST-0003,User0003,Test0003,user0003@example.com,+91-9000000003,23,Bengaluru,Rajasthan,Stark Industries,Business,Active,3,1003.75,2025-04-04
CUST-0004,User0004,Test0004,user0004@example.com,+91-9000000004,24,Jaipur,Tamil Nadu,Wayne Enterprises,Enterprise,Inactive,4,1005.00,2025-05-05
CUST-0005,User0005,Test0005,user0005@example.com,+91-9000000005,25,Chennai,Telangana,Acme Corp,Individual,Pending,5,1006.25,2025-06-06
CUST-0006,User0006,Test0006,user0006@example.com,+91-9000000006,26,Hyderabad,Maharashtra,Globex,Business,Active,6,1007.50,2025-07-07
CUST-0007,User0007,Test0007,user0007@example.com,+91-9000000007,27,Mumbai,Delhi,Initech,Enterprise,Inactive,7,1008.75,2025-08-08
CUST-0008,User0008,Test0008,user0008@example.com,+91-9000000008,28,Pune,Karnataka,Stark Industries,Individual,Pending,8,1010.00,2025-09-09
CUST-0009,User0009,Test0009,user0009@example.com,+91-9000000009,29,Delhi,Rajasthan,Wayne Enterprises,Business,Active,9,1011.25,2025-10-10
CUST-0010,User0010,Test0010,user0010@example.com,+91-9000000010,30,Bengaluru,Tamil Nadu,Acme Corp,Enterprise,Inactive,10,1012.50,2025-11-11
CUST-0011,User0011,Test0011,user0011@example.com,+91-9000000011,31,Jaipur,Telangana,Globex,Individual,Pending,11,1013.75,2025-12-12
CUST-0012,User0012,Test0012,user0012@example.com,+91-9000000012,32,Chennai,Maharashtra,Initech,Business,Active,12,1015.00,2025-01-13
CUST-0013,User0013,Test0013,user0013@example.com,+91-9000000013,33,Hyderabad,Delhi,Stark Industries,Enterprise,Inactive,13,1016.25,2025-02-14
CUST-0014,User0014,Test0014,user0014@example.com,+91-9000000014,34,Mumbai,Karnataka,Wayne Enterprises,Individual,Pending,14,1017.50,2025-03-15
CUST-0015,User0015,Test0015,user0015@example.com,+91-9000000015,35,Pune,Rajasthan,Acme Corp,Business,Active,15,1018.75,2025-04-16
CUST-0016,User0016,Test0016,user0016@example.com,+91-9000000016,36,Delhi,Tamil Nadu,Globex,Enterprise,Inactive,16,1020.00,2025-05-17
CUST-0017,User0017,Test0017,user0017@example.com,+91-9000000017,37,Bengaluru,Telangana,Initech,Individual,Pending,17,1021.25,2025-06-18
CUST-0018,User0018,Test0018,user0018@example.com,+91-9000000018,38,Jaipur,Maharashtra,Stark Industries,Business,Active,18,1022.50,2025-07-19
CUST-0019,User0019,Test0019,user0019@example.com,+91-9000000019,39,Chennai,Delhi,Wayne Enterprises,Enterprise,Inactive,19,1023.75,2025-08-20
CUST-0020,User0020,Test0020,user0020@example.com,+91-9000000020,40,Hyderabad,Karnataka,Acme Corp,Individual,Pending,20,1025.00,2025-09-21
CUST-0021,User0021,Test0021,user0021@example.com,+91-9000000021,41,Mumbai,Rajasthan,Globex,Business,Active,21,1026.25,2025-10-22
CUST-0022,User0022,Test0022,user0022@example.com,+91-9000000022,42,Pune,Tamil Nadu,Initech,Enterprise,Inactive,22,1027.50,2025-11-23
CUST-0023,User0023,Test0023,user0023@example.com,+91-9000000023,43,Delhi,Telangana,Stark Industries,Individual,Pending,23,1028.75,2025-12-24
CUST-0024,User0024,Test0024,user0024@example.com,+91-9000000024,44,Bengaluru,Maharashtra,Wayne Enterprises,Business,Active,24,1030.00,2025-01-25
CUST-0025,User0025,Test0025,user0025@example.com,+91-9000000025,45,Jaipur,Delhi,Acme Corp,Enterprise,Inactive,25,1031.25,2025-02-26
CUST-0026,User0026,Test0026,user0026@example.com,+91-9000000026,46,Chennai,Karnataka,Globex,Individual,Pending,26,1032.50,2025-03-27
CUST-0027,User0027,Test0027,user0027@example.com,+91-9000000027,47,Hyderabad,Rajasthan,Initech,Business,Active,27,1033.75,2025-04-28
CUST-0028,User0028,Test0028,user0028@example.com,+91-9000000028,48,Mumbai,Tamil Nadu,Stark Industries,Enterprise,Inactive,28,1035.00,2025-05-01
CUST-0029,User0029,Test0029,user0029@example.com,+91-9000000029,49,Pune,Telangana,Wayne Enterprises,Individual,Pending,29,1036.25,2025-06-02
CUST-0030,User0030,Test0030,user0030@example.com,+91-9000000030,50,Delhi,Maharashtra,Acme Corp,Business,Active,30,1037.50,2025-07-03
CUST-0031,User0031,Test0031,user0031@example.com,+91-9000000031,51,Bengaluru,Delhi,Globex,Enterprise,Inactive,31,1038.75,2025-08-04
CUST-0032,User0032,Test0032,user0032@example.com,+91-9000000032,52,Jaipur,Karnataka,Initech,Individual,Pending,32,1040.00,2025-09-05
CUST-0033,User0033,Test0033,user0033@example.com,+91-9000000033,53,Chennai,Rajasthan,Stark Industries,Business,Active,33,1041.25,2025-10-06
CUST-0034,User0034,Test0034,user0034@example.com,+91-9000000034,54,Hyderabad,Tamil Nadu,Wayne Enterprises,Enterprise,Inactive,34,1042.50,2025-11-07
CUST-0035,User0035,Test0035,user0035@example.com,+91-9000000035,55,Mumbai,Telangana,Acme Corp,Individual,Pending,35,1043.75,2025-12-08
CUST-0036,User0036,Test0036,user0036@example.com,+91-9000000036,56,Pune,Maharashtra,Globex,Business,Active,36,1045.00,2025-01-09
CUST-0037,User0037,Test0037,user0037@example.com,+91-9000000037,57,Delhi,Delhi,Initech,Enterprise,Inactive,37,1046.25,2025-02-10
CUST-0038,User0038,Test0038,user0038@example.com,+91-9000000038,58,Bengaluru,Karnataka,Stark Industries,Individual,Pending,38,1047.50,2025-03-11
CUST-0039,User0039,Test0039,user0039@example.com,+91-9000000039,59,Jaipur,Rajasthan,Wayne Enterprises,Business,Active,39,1048.75,2025-04-12
CUST-0040,User0040,Test0040,user0040@example.com,+91-9000000040,20,Chennai,Tamil Nadu,Acme Corp,Enterprise,Inactive,40,1050.00,2025-05-13
CUST-0041,User0041,Test0041,user0041@example.com,+91-9000000041,21,Hyderabad,Telangana,Globex,Individual,Pending,41,1051.25,2025-06-14
CUST-0042,User0042,Test0042,user0042@example.com,+91-9000000042,22,Mumbai,Maharashtra,Initech,Business,Active,42,1052.50,2025-07-15
CUST-0043,User0043,Test0043,user0043@example.com,+91-9000000043,23,Pune,Delhi,Stark Industries,Enterprise,Inactive,43,1053.75,2025-08-16
CUST-0044,User0044,Test0044,user0044@example.com,+91-9000000044,24,Delhi,Karnataka,Wayne Enterprises,Individual,Pending,44,1055.00,2025-09-17
CUST-0045,User0045,Test0045,user0045@example.com,+91-9000000045,25,Bengaluru,Rajasthan,Acme Corp,Business,Active,45,1056.25,2025-10-18
CUST-0046,User0046,Test0046,user0046@example.com,+91-9000000046,26,Jaipur,Tamil Nadu,Globex,Enterprise,Inactive,46,1057.50,2025-11-19
CUST-0047,User0047,Test0047,user0047@example.com,+91-9000000047,27,Chennai,Telangana,Initech,Individual,Pending,47,1058.75,2025-12-20
CUST-0048,User0048,Test0048,user0048@example.com,+91-9000000048,28,Hyderabad,Maharashtra,Stark Industries,Business,Active,48,1060.00,2025-01-21
CUST-0049,User0049,Test0049,user0049@example.com,+91-9000000049,29,Mumbai,Delhi,Wayne Enterprises,Enterprise,Inactive,49,1061.25,2025-02-22
CUST-0050,User0050,Test0050,user0050@example.com,+91-9000000050,30,Pune,Karnataka,Acme Corp,Individual,Pending,0,1062.50,2025-03-23
CUST-0051,User0051,Test0051,user0051@example.com,+91-9000000051,31,Delhi,Rajasthan,Globex,Business,Active,1,1063.75,2025-04-24
CUST-0052,User0052,Test0052,user0052@example.com,+91-9000000052,32,Bengaluru,Tamil Nadu,Initech,Enterprise,Inactive,2,1065.00,2025-05-25
CUST-0053,User0053,Test0053,user0053@example.com,+91-9000000053,33,Jaipur,Telangana,Stark Industries,Individual,Pending,3,1066.25,2025-06-26
CUST-0054,User0054,Test0054,user0054@example.com,+91-9000000054,34,Chennai,Maharashtra,Wayne Enterprises,Business,Active,4,1067.50,2025-07-27
CUST-0055,User0055,Test0055,user0055@example.com,+91-9000000055,35,Hyderabad,Delhi,Acme Corp,Enterprise,Inactive,5,1068.75,2025-08-28
CUST-0056,User0056,Test0056,user0056@example.com,+91-9000000056,36,Mumbai,Karnataka,Globex,Individual,Pending,6,1070.00,2025-09-01
CUST-0057,User0057,Test0057,user0057@example.com,+91-9000000057,37,Pune,Rajasthan,Initech,Business,Active,7,1071.25,2025-10-02
CUST-0058,User0058,Test0058,user0058@example.com,+91-9000000058,38,Delhi,Tamil Nadu,Stark Industries,Enterprise,Inactive,8,1072.50,2025-11-03
CUST-0059,User0059,Test0059,user0059@example.com,+91-9000000059,39,Bengaluru,Telangana,Wayne Enterprises,Individual,Pending,9,1073.75,2025-12-04
CUST-0060,User0060,Test0060,user0060@example.com,+91-9000000060,40,Jaipur,Maharashtra,Acme Corp,Business,Active,10,1075.00,2025-01-05
CUST-0061,User0061,Test0061,user0061@example.com,+91-9000000061,41,Chennai,Delhi,Globex,Enterprise,Inactive,11,1076.25,2025-02-06
CUST-0062,User0062,Test0062,user0062@example.com,+91-9000000062,42,Hyderabad,Karnataka,Initech,Individual,Pending,12,1077.50,2025-03-07
CUST-0063,User0063,Test0063,user0063@example.com,+91-9000000063,43,Mumbai,Rajasthan,Stark Industries,Business,Active,13,1078.75,2025-04-08
CUST-0064,User0064,Test0064,user0064@example.com,+91-9000000064,44,Pune,Tamil Nadu,Wayne Enterprises,Enterprise,Inactive,14,1080.00,2025-05-09
CUST-0065,User0065,Test0065,user0065@example.com,+91-9000000065,45,Delhi,Telangana,Acme Corp,Individual,Pending,15,1081.25,2025-06-10
CUST-0066,User0066,Test0066,user0066@example.com,+91-9000000066,46,Bengaluru,Maharashtra,Globex,Business,Active,16,1082.50,2025-07-11
CUST-0067,User0067,Test0067,user0067@example.com,+91-9000000067,47,Jaipur,Delhi,Initech,Enterprise,Inactive,17,1083.75,2025-08-12
CUST-0068,User0068,Test0068,user0068@example.com,+91-9000000068,48,Chennai,Karnataka,Stark Industries,Individual,Pending,18,1085.00,2025-09-13
CUST-0069,User0069,Test0069,user0069@example.com,+91-9000000069,49,Hyderabad,Rajasthan,Wayne Enterprises,Business,Active,19,1086.25,2025-10-14
CUST-0070,User0070,Test0070,user0070@example.com,+91-9000000070,50,Mumbai,Tamil Nadu,Acme Corp,Enterprise,Inactive,20,1087.50,2025-11-15
CUST-0071,User0071,Test0071,user0071@example.com,+91-9000000071,51,Pune,Telangana,Globex,Individual,Pending,21,1088.75,2025-12-16
CUST-0072,User0072,Test0072,user0072@example.com,+91-9000000072,52,Delhi,Maharashtra,Initech,Business,Active,22,1090.00,2025-01-17
CUST-0073,User0073,Test0073,user0073@example.com,+91-9000000073,53,Bengaluru,Delhi,Stark Industries,Enterprise,Inactive,23,1091.25,2025-02-18
CUST-0074,User0074,Test0074,user0074@example.com,+91-9000000074,54,Jaipur,Karnataka,Wayne Enterprises,Individual,Pending,24,1092.50,2025-03-19
CUST-0075,User0075,Test0075,user0075@example.com,+91-9000000075,55,Chennai,Rajasthan,Acme Corp,Business,Active,25,1093.75,2025-04-20
CUST-0076,User0076,Test0076,user0076@example.com,+91-9000000076,56,Hyderabad,Tamil Nadu,Globex,Enterprise,Inactive,26,1095.00,2025-05-21
CUST-0077,User0077,Test0077,user0077@example.com,+91-9000000077,57,Mumbai,Telangana,Initech,Individual,Pending,27,1096.25,2025-06-22
CUST-0078,User0078,Test0078,user0078@example.com,+91-9000000078,58,Pune,Maharashtra,Stark Industries,Business,Active,28,1097.50,2025-07-23
CUST-0079,User0079,Test0079,user0079@example.com,+91-9000000079,59,Delhi,Delhi,Wayne Enterprises,Enterprise,Inactive,29,1098.75,2025-08-24
CUST-0080,User0080,Test0080,user0080@example.com,+91-9000000080,20,Bengaluru,Karnataka,Acme Corp,Individual,Pending,30,1100.00,2025-09-25
CUST-0081,User0081,Test0081,user0081@example.com,+91-9000000081,21,Jaipur,Rajasthan,Globex,Business,Active,31,1101.25,2025-10-26
CUST-0082,User0082,Test0082,user0082@example.com,+91-9000000082,22,Chennai,Tamil Nadu,Initech,Enterprise,Inactive,32,1102.50,2025-11-27
CUST-0083,User0083,Test0083,user0083@example.com,+91-9000000083,23,Hyderabad,Telangana,Stark Industries,Individual,Pending,33,1103.75,2025-12-28
CUST-0084,User0084,Test0084,user0084@example.com,+91-9000000084,24,Mumbai,Maharashtra,Wayne Enterprises,Business,Active,34,1105.00,2025-01-01
CUST-0085,User0085,Test0085,user0085@example.com,+91-9000000085,25,Pune,Delhi,Acme Corp,Enterprise,Inactive,35,1106.25,2025-02-02
CUST-0086,User0086,Test0086,user0086@example.com,+91-9000000086,26,Delhi,Karnataka,Globex,Individual,Pending,36,1107.50,2025-03-03
CUST-0087,User0087,Test0087,user0087@example.com,+91-9000000087,27,Bengaluru,Rajasthan,Initech,Business,Active,37,1108.75,2025-04-04
CUST-0088,User0088,Test0088,user0088@example.com,+91-9000000088,28,Jaipur,Tamil Nadu,Stark Industries,Enterprise,Inactive,38,1110.00,2025-05-05
CUST-0089,User0089,Test0089,user0089@example.com,+91-9000000089,29,Chennai,Telangana,Wayne Enterprises,Individual,Pending,39,1111.25,2025-06-06
CUST-0090,User0090,Test0090,user0090@example.com,+91-9000000090,30,Hyderabad,Maharashtra,Acme Corp,Business,Active,40,1112.50,2025-07-07
CUST-0091,User0091,Test0091,user0091@example.com,+91-9000000091,31,Mumbai,Delhi,Globex,Enterprise,Inactive,41,1113.75,2025-08-08
CUST-0092,User0092,Test0092,user0092@example.com,+91-9000000092,32,Pune,Karnataka,Initech,Individual,Pending,42,1115.00,2025-09-09
CUST-0093,User0093,Test0093,user0093@example.com,+91-9000000093,33,Delhi,Rajasthan,Stark Industries,Business,Active,43,1116.25,2025-10-10
CUST-0094,User0094,Test0094,user0094@example.com,+91-9000000094,34,Bengaluru,Tamil Nadu,Wayne Enterprises,Enterprise,Inactive,44,1117.50,2025-11-11
CUST-0095,User0095,Test0095,user0095@example.com,+91-9000000095,35,Jaipur,Telangana,Acme Corp,Individual,Pending,45,1118.75,2025-12-12
CUST-0096,User0096,Test0096,user0096@example.com,+91-9000000096,36,Chennai,Maharashtra,Globex,Business,Active,46,1120.00,2025-01-13
CUST-0097,User0097,Test0097,user0097@example.com,+91-9000000097,37,Hyderabad,Delhi,Initech,Enterprise,Inactive,47,1121.25,2025-02-14
CUST-0098,User0098,Test0098,user0098@example.com,+91-9000000098,38,Mumbai,Karnataka,Stark Industries,Individual,Pending,48,1122.50,2025-03-15
CUST-0099,User0099,Test0099,user0099@example.com,+91-9000000099,39,Pune,Rajasthan,Wayne Enterprises,Business,Active,49,1123.75,2025-04-16
CUST-0100,User0100,Test0100,user0100@example.com,+91-9000000100,40,Delhi,Tamil Nadu,Acme Corp,Enterprise,Inactive,0,1125.00,2025-05-17
CUST-0101,User0101,Test0101,user0101@example.com,+91-9000000101,41,Bengaluru,Telangana,Globex,Individual,Pending,1,1126.25,2025-06-18
CUST-0102,User0102,Test0102,user0102@example.com,+91-9000000102,42,Jaipur,Maharashtra,Initech,Business,Active,2,1127.50,2025-07-19
CUST-0103,User0103,Test0103,user0103@example.com,+91-9000000103,43,Chennai,Delhi,Stark Industries,Enterprise,Inactive,3,1128.75,2025-08-20
CUST-0104,User0104,Test0104,user0104@example.com,+91-9000000104,44,Hyderabad,Karnataka,Wayne Enterprises,Individual,Pending,4,1130.00,2025-09-21
CUST-0105,User0105,Test0105,user0105@example.com,+91-9000000105,45,Mumbai,Rajasthan,Acme Corp,Business,Active,5,1131.25,2025-10-22
CUST-0106,User0106,Test0106,user0106@example.com,+91-9000000106,46,Pune,Tamil Nadu,Globex,Enterprise,Inactive,6,1132.50,2025-11-23
CUST-0107,User0107,Test0107,user0107@example.com,+91-9000000107,47,Delhi,Telangana,Initech,Individual,Pending,7,1133.75,2025-12-24
CUST-0108,User0108,Test0108,user0108@example.com,+91-9000000108,48,Bengaluru,Maharashtra,Stark Industries,Business,Active,8,1135.00,2025-01-25
CUST-0109,User0109,Test0109,user0109@example.com,+91-9000000109,49,Jaipur,Delhi,Wayne Enterprises,Enterprise,Inactive,9,1136.25,2025-02-26
CUST-0110,User0110,Test0110,user0110@example.com,+91-9000000110,50,Chennai,Karnataka,Acme Corp,Individual,Pending,10,1137.50,2025-03-27
CUST-0111,User0111,Test0111,user0111@example.com,+91-9000000111,51,Hyderabad,Rajasthan,Globex,Business,Active,11,1138.75,2025-04-28
CUST-0112,User0112,Test0112,user0112@example.com,+91-9000000112,52,Mumbai,Tamil Nadu,Initech,Enterprise,Inactive,12,1140.00,2025-05-01
CUST-0113,User0113,Test0113,user0113@example.com,+91-9000000113,53,Pune,Telangana,Stark Industries,Individual,Pending,13,1141.25,2025-06-02
CUST-0114,User0114,Test0114,user0114@example.com,+91-9000000114,54,Delhi,Maharashtra,Wayne Enterprises,Business,Active,14,1142.50,2025-07-03
CUST-0115,User0115,Test0115,user0115@example.com,+91-9000000115,55,Bengaluru,Delhi,Acme Corp,Enterprise,Inactive,15,1143.75,2025-08-04
CUST-0116,User0116,Test0116,user0116@example.com,+91-9000000116,56,Jaipur,Karnataka,Globex,Individual,Pending,16,1145.00,2025-09-05
CUST-0117,User0117,Test0117,user0117@example.com,+91-9000000117,57,Chennai,Rajasthan,Initech,Business,Active,17,1146.25,2025-10-06
CUST-0118,User0118,Test0118,user0118@example.com,+91-9000000118,58,Hyderabad,Tamil Nadu,Stark Industries,Enterprise,Inactive,18,1147.50,2025-11-07
CUST-0119,User0119,Test0119,user0119@example.com,+91-9000000119,59,Mumbai,Telangana,Wayne Enterprises,Individual,Pending,19,1148.75,2025-12-08
CUST-0120,User0120,Test0120,user0120@example.com,+91-9000000120,20,Pune,Maharashtra,Acme Corp,Business,Active,20,1150.00,2025-01-09
CUST-0121,User0121,Test0121,user0121@example.com,+91-9000000121,21,Delhi,Delhi,Globex,Enterprise,Inactive,21,1151.25,2025-02-10
CUST-0122,User0122,Test0122,user0122@example.com,+91-9000000122,22,Bengaluru,Karnataka,Initech,Individual,Pending,22,1152.50,2025-03-11
CUST-0123,User0123,Test0123,user0123@example.com,+91-9000000123,23,Jaipur,Rajasthan,Stark Industries,Business,Active,23,1153.75,2025-04-12
CUST-0124,User0124,Test0124,user0124@example.com,+91-9000000124,24,Chennai,Tamil Nadu,Wayne Enterprises,Enterprise,Inactive,24,1155.00,2025-05-13
CUST-0125,User0125,Test0125,user0125@example.com,+91-9000000125,25,Hyderabad,Telangana,Acme Corp,Individual,Pending,25,1156.25,2025-06-14
CUST-0126,User0126,Test0126,user0126@example.com,+91-9000000126,26,Mumbai,Maharashtra,Globex,Business,Active,26,1157.50,2025-07-15
CUST-0127,User0127,Test0127,user0127@example.com,+91-9000000127,27,Pune,Delhi,Initech,Enterprise,Inactive,27,1158.75,2025-08-16
CUST-0128,User0128,Test0128,user0128@example.com,+91-9000000128,28,Delhi,Karnataka,Stark Industries,Individual,Pending,28,1160.00,2025-09-17
CUST-0129,User0129,Test0129,user0129@example.com,+91-9000000129,29,Bengaluru,Rajasthan,Wayne Enterprises,Business,Active,29,1161.25,2025-10-18
CUST-0130,User0130,Test0130,user0130@example.com,+91-9000000130,30,Jaipur,Tamil Nadu,Acme Corp,Enterprise,Inactive,30,1162.50,2025-11-19
CUST-0131,User0131,Test0131,user0131@example.com,+91-9000000131,31,Chennai,Telangana,Globex,Individual,Pending,31,1163.75,2025-12-20
CUST-0132,User0132,Test0132,user0132@example.com,+91-9000000132,32,Hyderabad,Maharashtra,Initech,Business,Active,32,1165.00,2025-01-21
CUST-0133,User0133,Test0133,user0133@example.com,+91-9000000133,33,Mumbai,Delhi,Stark Industries,Enterprise,Inactive,33,1166.25,2025-02-22
CUST-0134,User0134,Test0134,user0134@example.com,+91-9000000134,34,Pune,Karnataka,Wayne Enterprises,Individual,Pending,34,1167.50,2025-03-23
CUST-0135,User0135,Test0135,user0135@example.com,+91-9000000135,35,Delhi,Rajasthan,Acme Corp,Business,Active,35,1168.75,2025-04-24
CUST-0136,User0136,Test0136,user0136@example.com,+91-9000000136,36,Bengaluru,Tamil Nadu,Globex,Enterprise,Inactive,36,1170.00,2025-05-25
CUST-0137,User0137,Test0137,user0137@example.com,+91-9000000137,37,Jaipur,Telangana,Initech,Individual,Pending,37,1171.25,2025-06-26
CUST-0138,User0138,Test0138,user0138@example.com,+91-9000000138,38,Chennai,Maharashtra,Stark Industries,Business,Active,38,1172.50,2025-07-27
CUST-0139,User0139,Test0139,user0139@example.com,+91-9000000139,39,Hyderabad,Delhi,Wayne Enterprises,Enterprise,Inactive,39,1173.75,2025-08-28
CUST-0140,User0140,Test0140,user0140@example.com,+91-9000000140,40,Mumbai,Karnataka,Acme Corp,Individual,Pending,40,1175.00,2025-09-01
CUST-0141,User0141,Test0141,user0141@example.com,+91-9000000141,41,Pune,Rajasthan,Globex,Business,Active,41,1176.25,2025-10-02
CUST-0142,User0142,Test0142,user0142@example.com,+91-9000000142,42,Delhi,Tamil Nadu,Initech,Enterprise,Inactive,42,1177.50,2025-11-03
CUST-0143,User0143,Test0143,user0143@example.com,+91-9000000143,43,Bengaluru,Telangana,Stark Industries,Individual,Pending,43,1178.75,2025-12-04
CUST-0144,User0144,Test0144,user0144@example.com,+91-9000000144,44,Jaipur,Maharashtra,Wayne Enterprises,Business,Active,44,1180.00,2025-01-05
CUST-0145,User0145,Test0145,user0145@example.com,+91-9000000145,45,Chennai,Delhi,Acme Corp,Enterprise,Inactive,45,1181.25,2025-02-06
CUST-0146,User0146,Test0146,user0146@example.com,+91-9000000146,46,Hyderabad,Karnataka,Globex,Individual,Pending,46,1182.50,2025-03-07
CUST-0147,User0147,Test0147,user0147@example.com,+91-9000000147,47,Mumbai,Rajasthan,Initech,Business,Active,47,1183.75,2025-04-08
CUST-0148,User0148,Test0148,user0148@example.com,+91-9000000148,48,Pune,Tamil Nadu,Stark Industries,Enterprise,Inactive,48,1185.00,2025-05-09
CUST-0149,User0149,Test0149,user0149@example.com,+91-9000000149,49,Delhi,Telangana,Wayne Enterprises,Individual,Pending,49,1186.25,2025-06-10
CUST-0150,User0150,Test0150,user0150@example.com,+91-9000000150,50,Bengaluru,Maharashtra,Acme Corp,Business,Active,0,1187.50,2025-07-11
CUST-0151,User0151,Test0151,user0151@example.com,+91-9000000151,51,Jaipur,Delhi,Globex,Enterprise,Inactive,1,1188.75,2025-08-12
CUST-0152,User0152,Test0152,user0152@example.com,+91-9000000152,52,Chennai,Karnataka,Initech,Individual,Pending,2,1190.00,2025-09-13
CUST-0153,User0153,Test0153,user0153@example.com,+91-9000000153,53,Hyderabad,Rajasthan,Stark Industries,Business,Active,3,1191.25,2025-10-14
CUST-0154,User0154,Test0154,user0154@example.com,+91-9000000154,54,Mumbai,Tamil Nadu,Wayne Enterprises,Enterprise,Inactive,4,1192.50,2025-11-15
CUST-0155,User0155,Test0155,user0155@example.com,+91-9000000155,55,Pune,Telangana,Acme Corp,Individual,Pending,5,1193.75,2025-12-16
CUST-0156,User0156,Test0156,user0156@example.com,+91-9000000156,56,Delhi,Maharashtra,Globex,Business,Active,6,1195.00,2025-01-17
CUST-0157,User0157,Test0157,user0157@example.com,+91-9000000157,57,Bengaluru,Delhi,Initech,Enterprise,Inactive,7,1196.25,2025-02-18
CUST-0158,User0158,Test0158,user0158@example.com,+91-9000000158,58,Jaipur,Karnataka,Stark Industries,Individual,Pending,8,1197.50,2025-03-19
CUST-0159,User0159,Test0159,user0159@example.com,+91-9000000159,59,Chennai,Rajasthan,Wayne Enterprises,Business,Active,9,1198.75,2025-04-20
CUST-0160,User0160,Test0160,user0160@example.com,+91-9000000160,20,Hyderabad,Tamil Nadu,Acme Corp,Enterprise,Inactive,10,1200.00,2025-05-21
CUST-0161,User0161,Test0161,user0161@example.com,+91-9000000161,21,Mumbai,Telangana,Globex,Individual,Pending,11,1201.25,2025-06-22
CUST-0162,User0162,Test0162,user0162@example.com,+91-9000000162,22,Pune,Maharashtra,Initech,Business,Active,12,1202.50,2025-07-23
CUST-0163,User0163,Test0163,user0163@example.com,+91-9000000163,23,Delhi,Delhi,Stark Industries,Enterprise,Inactive,13,1203.75,2025-08-24
CUST-0164,User0164,Test0164,user0164@example.com,+91-9000000164,24,Bengaluru,Karnataka,Wayne Enterprises,Individual,Pending,14,1205.00,2025-09-25
CUST-0165,User0165,Test0165,user0165@example.com,+91-9000000165,25,Jaipur,Rajasthan,Acme Corp,Business,Active,15,1206.25,2025-10-26
CUST-0166,User0166,Test0166,user0166@example.com,+91-9000000166,26,Chennai,Tamil Nadu,Globex,Enterprise,Inactive,16,1207.50,2025-11-27
CUST-0167,User0167,Test0167,user0167@example.com,+91-9000000167,27,Hyderabad,Telangana,Initech,Individual,Pending,17,1208.75,2025-12-28
CUST-0168,User0168,Test0168,user0168@example.com,+91-9000000168,28,Mumbai,Maharashtra,Stark Industries,Business,Active,18,1210.00,2025-01-01
CUST-0169,User0169,Test0169,user0169@example.com,+91-9000000169,29,Pune,Delhi,Wayne Enterprises,Enterprise,Inactive,19,1211.25,2025-02-02
CUST-0170,User0170,Test0170,user0170@example.com,+91-9000000170,30,Delhi,Karnataka,Acme Corp,Individual,Pending,20,1212.50,2025-03-03
CUST-0171,User0171,Test0171,user0171@example.com,+91-9000000171,31,Bengaluru,Rajasthan,Globex,Business,Active,21,1213.75,2025-04-04
CUST-0172,User0172,Test0172,user0172@example.com,+91-9000000172,32,Jaipur,Tamil Nadu,Initech,Enterprise,Inactive,22,1215.00,2025-05-05
CUST-0173,User0173,Test0173,user0173@example.com,+91-9000000173,33,Chennai,Telangana,Stark Industries,Individual,Pending,23,1216.25,2025-06-06
CUST-0174,User0174,Test0174,user0174@example.com,+91-9000000174,34,Hyderabad,Maharashtra,Wayne Enterprises,Business,Active,24,1217.50,2025-07-07
CUST-0175,User0175,Test0175,user0175@example.com,+91-9000000175,35,Mumbai,Delhi,Acme Corp,Enterprise,Inactive,25,1218.75,2025-08-08
CUST-0176,User0176,Test0176,user0176@example.com,+91-9000000176,36,Pune,Karnataka,Globex,Individual,Pending,26,1220.00,2025-09-09
CUST-0177,User0177,Test0177,user0177@example.com,+91-9000000177,37,Delhi,Rajasthan,Initech,Business,Active,27,1221.25,2025-10-10
CUST-0178,User0178,Test0178,user0178@example.com,+91-9000000178,38,Bengaluru,Tamil Nadu,Stark Industries,Enterprise,Inactive,28,1222.50,2025-11-11
CUST-0179,User0179,Test0179,user0179@example.com,+91-9000000179,39,Jaipur,Telangana,Wayne Enterprises,Individual,Pending,29,1223.75,2025-12-12
CUST-0180,User0180,Test0180,user0180@example.com,+91-9000000180,40,Chennai,Maharashtra,Acme Corp,Business,Active,30,1225.00,2025-01-13
CUST-0181,User0181,Test0181,user0181@example.com,+91-9000000181,41,Hyderabad,Delhi,Globex,Enterprise,Inactive,31,1226.25,2025-02-14
CUST-0182,User0182,Test0182,user0182@example.com,+91-9000000182,42,Mumbai,Karnataka,Initech,Individual,Pending,32,1227.50,2025-03-15
CUST-0183,User0183,Test0183,user0183@example.com,+91-9000000183,43,Pune,Rajasthan,Stark Industries,Business,Active,33,1228.75,2025-04-16
CUST-0184,User0184,Test0184,user0184@example.com,+91-9000000184,44,Delhi,Tamil Nadu,Wayne Enterprises,Enterprise,Inactive,34,1230.00,2025-05-17
CUST-0185,User0185,Test0185,user0185@example.com,+91-9000000185,45,Bengaluru,Telangana,Acme Corp,Individual,Pending,35,1231.25,2025-06-18
CUST-0186,User0186,Test0186,user0186@example.com,+91-9000000186,46,Jaipur,Maharashtra,Globex,Business,Active,36,1232.50,2025-07-19
CUST-0187,User0187,Test0187,user0187@example.com,+91-9000000187,47,Chennai,Delhi,Initech,Enterprise,Inactive,37,1233.75,2025-08-20
CUST-0188,User0188,Test0188,user0188@example.com,+91-9000000188,48,Hyderabad,Karnataka,Stark Industries,Individual,Pending,38,1235.00,2025-09-21
CUST-0189,User0189,Test0189,user0189@example.com,+91-9000000189,49,Mumbai,Rajasthan,Wayne Enterprises,Business,Active,39,1236.25,2025-10-22
CUST-0190,User0190,Test0190,user0190@example.com,+91-9000000190,50,Pune,Tamil Nadu,Acme Corp,Enterprise,Inactive,40,1237.50,2025-11-23
CUST-0191,User0191,Test0191,user0191@example.com,+91-9000000191,51,Delhi,Telangana,Globex,Individual,Pending,41,1238.75,2025-12-24
CUST-0192,User0192,Test0192,user0192@example.com,+91-9000000192,52,Bengaluru,Maharashtra,Initech,Business,Active,42,1240.00,2025-01-25
CUST-0193,User0193,Test0193,user0193@example.com,+91-9000000193,53,Jaipur,Delhi,Stark Industries,Enterprise,Inactive,43,1241.25,2025-02-26
CUST-0194,User0194,Test0194,user0194@example.com,+91-9000000194,54,Chennai,Karnataka,Wayne Enterprises,Individual,Pending,44,1242.50,2025-03-27
CUST-0195,User0195,Test0195,user0195@example.com,+91-9000000195,55,Hyderabad,Rajasthan,Acme Corp,Business,Active,45,1243.75,2025-04-28
CUST-0196,User0196,Test0196,user0196@example.com,+91-9000000196,56,Mumbai,Tamil Nadu,Globex,Enterprise,Inactive,46,1245.00,2025-05-01
CUST-0197,User0197,Test0197,user0197@example.com,+91-9000000197,57,Pune,Telangana,Initech,Individual,Pending,47,1246.25,2025-06-02
CUST-0198,User0198,Test0198,user0198@example.com,+91-9000000198,58,Delhi,Maharashtra,Stark Industries,Business,Active,48,1247.50,2025-07-03
CUST-0199,User0199,Test0199,user0199@example.com,+91-9000000199,59,Bengaluru,Delhi,Wayne Enterprises,Enterprise,Inactive,49,1248.75,2025-08-04
CUST-0200,User0200,Test0200,user0200@example.com,+91-9000000200,20,Jaipur,Karnataka,Acme Corp,Individual,Pending,0,1250.00,2025-09-05
CUST-0201,User0201,Test0201,user0201@example.com,+91-9000000201,21,Chennai,Rajasthan,Globex,Business,Active,1,1251.25,2025-10-06
CUST-0202,User0202,Test0202,user0202@example.com,+91-9000000202,22,Hyderabad,Tamil Nadu,Initech,Enterprise,Inactive,2,1252.50,2025-11-07
CUST-0203,User0203,Test0203,user0203@example.com,+91-9000000203,23,Mumbai,Telangana,Stark Industries,Individual,Pending,3,1253.75,2025-12-08
CUST-0204,User0204,Test0204,user0204@example.com,+91-9000000204,24,Pune,Maharashtra,Wayne Enterprises,Business,Active,4,1255.00,2025-01-09
CUST-0205,User0205,Test0205,user0205@example.com,+91-9000000205,25,Delhi,Delhi,Acme Corp,Enterprise,Inactive,5,1256.25,2025-02-10
CUST-0206,User0206,Test0206,user0206@example.com,+91-9000000206,26,Bengaluru,Karnataka,Globex,Individual,Pending,6,1257.50,2025-03-11
CUST-0207,User0207,Test0207,user0207@example.com,+91-9000000207,27,Jaipur,Rajasthan,Initech,Business,Active,7,1258.75,2025-04-12
CUST-0208,User0208,Test0208,user0208@example.com,+91-9000000208,28,Chennai,Tamil Nadu,Stark Industries,Enterprise,Inactive,8,1260.00,2025-05-13
CUST-0209,User0209,Test0209,user0209@example.com,+91-9000000209,29,Hyderabad,Telangana,Wayne Enterprises,Individual,Pending,9,1261.25,2025-06-14
CUST-0210,User0210,Test0210,user0210@example.com,+91-9000000210,30,Mumbai,Maharashtra,Acme Corp,Business,Active,10,1262.50,2025-07-15
CUST-0211,User0211,Test0211,user0211@example.com,+91-9000000211,31,Pune,Delhi,Globex,Enterprise,Inactive,11,1263.75,2025-08-16
CUST-0212,User0212,Test0212,user0212@example.com,+91-9000000212,32,Delhi,Karnataka,Initech,Individual,Pending,12,1265.00,2025-09-17
CUST-0213,User0213,Test0213,user0213@example.com,+91-9000000213,33,Bengaluru,Rajasthan,Stark Industries,Business,Active,13,1266.25,2025-10-18
CUST-0214,User0214,Test0214,user0214@example.com,+91-9000000214,34,Jaipur,Tamil Nadu,Wayne Enterprises,Enterprise,Inactive,14,1267.50,2025-11-19
CUST-0215,User0215,Test0215,user0215@example.com,+91-9000000215,35,Chennai,Telangana,Acme Corp,Individual,Pending,15,1268.75,2025-12-20
CUST-0216,User0216,Test0216,user0216@example.com,+91-9000000216,36,Hyderabad,Maharashtra,Globex,Business,Active,16,1270.00,2025-01-21
CUST-0217,User0217,Test0217,user0217@example.com,+91-9000000217,37,Mumbai,Delhi,Initech,Enterprise,Inactive,17,1271.25,2025-02-22
CUST-0218,User0218,Test0218,user0218@example.com,+91-9000000218,38,Pune,Karnataka,Stark Industries,Individual,Pending,18,1272.50,2025-03-23
CUST-0219,User0219,Test0219,user0219@example.com,+91-9000000219,39,Delhi,Rajasthan,Wayne Enterprises,Business,Active,19,1273.75,2025-04-24
CUST-0220,User0220,Test0220,user0220@example.com,+91-9000000220,40,Bengaluru,Tamil Nadu,Acme Corp,Enterprise,Inactive,20,1275.00,2025-05-25
CUST-0221,User0221,Test0221,user0221@example.com,+91-9000000221,41,Jaipur,Telangana,Globex,Individual,Pending,21,1276.25,2025-06-26
CUST-0222,User0222,Test0222,user0222@example.com,+91-9000000222,42,Chennai,Maharashtra,Initech,Business,Active,22,1277.50,2025-07-27
CUST-0223,User0223,Test0223,user0223@example.com,+91-9000000223,43,Hyderabad,Delhi,Stark Industries,Enterprise,Inactive,23,1278.75,2025-08-28
CUST-0224,User0224,Test0224,user0224@example.com,+91-9000000224,44,Mumbai,Karnataka,Wayne Enterprises,Individual,Pending,24,1280.00,2025-09-01
CUST-0225,User0225,Test0225,user0225@example.com,+91-9000000225,45,Pune,Rajasthan,Acme Corp,Business,Active,25,1281.25,2025-10-02
CUST-0226,User0226,Test0226,user0226@example.com,+91-9000000226,46,Delhi,Tamil Nadu,Globex,Enterprise,Inactive,26,1282.50,2025-11-03
CUST-0227,User0227,Test0227,user0227@example.com,+91-9000000227,47,Bengaluru,Telangana,Initech,Individual,Pending,27,1283.75,2025-12-04
CUST-0228,User0228,Test0228,user0228@example.com,+91-9000000228,48,Jaipur,Maharashtra,Stark Industries,Business,Active,28,1285.00,2025-01-05
CUST-0229,User0229,Test0229,user0229@example.com,+91-9000000229,49,Chennai,Delhi,Wayne Enterprises,Enterprise,Inactive,29,1286.25,2025-02-06
CUST-0230,User0230,Test0230,user0230@example.com,+91-9000000230,50,Hyderabad,Karnataka,Acme Corp,Individual,Pending,30,1287.50,2025-03-07
CUST-0231,User0231,Test0231,user0231@example.com,+91-9000000231,51,Mumbai,Rajasthan,Globex,Business,Active,31,1288.75,2025-04-08
CUST-0232,User0232,Test0232,user0232@example.com,+91-9000000232,52,Pune,Tamil Nadu,Initech,Enterprise,Inactive,32,1290.00,2025-05-09
CUST-0233,User0233,Test0233,user0233@example.com,+91-9000000233,53,Delhi,Telangana,Stark Industries,Individual,Pending,33,1291.25,2025-06-10
CUST-0234,User0234,Test0234,user0234@example.com,+91-9000000234,54,Bengaluru,Maharashtra,Wayne Enterprises,Business,Active,34,1292.50,2025-07-11
CUST-0235,User0235,Test0235,user0235@example.com,+91-9000000235,55,Jaipur,Delhi,Acme Corp,Enterprise,Inactive,35,1293.75,2025-08-12
CUST-0236,User0236,Test0236,user0236@example.com,+91-9000000236,56,Chennai,Karnataka,Globex,Individual,Pending,36,1295.00,2025-09-13
CUST-0237,User0237,Test0237,user0237@example.com,+91-9000000237,57,Hyderabad,Rajasthan,Initech,Business,Active,37,1296.25,2025-10-14
CUST-0238,User0238,Test0238,user0238@example.com,+91-9000000238,58,Mumbai,Tamil Nadu,Stark Industries,Enterprise,Inactive,38,1297.50,2025-11-15
CUST-0239,User0239,Test0239,user0239@example.com,+91-9000000239,59,Pune,Telangana,Wayne Enterprises,Individual,Pending,39,1298.75,2025-12-16
CUST-0240,User0240,Test0240,user0240@example.com,+91-9000000240,20,Delhi,Maharashtra,Acme Corp,Business,Active,40,1300.00,2025-01-17
CUST-0241,User0241,Test0241,user0241@example.com,+91-9000000241,21,Bengaluru,Delhi,Globex,Enterprise,Inactive,41,1301.25,2025-02-18
CUST-0242,User0242,Test0242,user0242@example.com,+91-9000000242,22,Jaipur,Karnataka,Initech,Individual,Pending,42,1302.50,2025-03-19
CUST-0243,User0243,Test0243,user0243@example.com,+91-9000000243,23,Chennai,Rajasthan,Stark Industries,Business,Active,43,1303.75,2025-04-20
CUST-0244,User0244,Test0244,user0244@example.com,+91-9000000244,24,Hyderabad,Tamil Nadu,Wayne Enterprises,Enterprise,Inactive,44,1305.00,2025-05-21
CUST-0245,User0245,Test0245,user0245@example.com,+91-9000000245,25,Mumbai,Telangana,Acme Corp,Individual,Pending,45,1306.25,2025-06-22
CUST-0246,User0246,Test0246,user0246@example.com,+91-9000000246,26,Pune,Maharashtra,Globex,Business,Active,46,1307.50,2025-07-23
CUST-0247,User0247,Test0247,user0247@example.com,+91-9000000247,27,Delhi,Delhi,Initech,Enterprise,Inactive,47,1308.75,2025-08-24
CUST-0248,User0248,Test0248,user0248@example.com,+91-9000000248,28,Bengaluru,Karnataka,Stark Industries,Individual,Pending,48,1310.00,2025-09-25
CUST-0249,User0249,Test0249,user0249@example.com,+91-9000000249,29,Jaipur,Rajasthan,Wayne Enterprises,Business,Active,49,1311.25,2025-10-26
CUST-0250,User0250,Test0250,user0250@example.com,+91-9000000250,30,Chennai,Tamil Nadu,Acme Corp,Enterprise,Inactive,0,1312.50,2025-11-27
CUST-0251,User0251,Test0251,user0251@example.com,+91-9000000251,31,Hyderabad,Telangana,Globex,Individual,Pending,1,1313.75,2025-12-28
CUST-0252,User0252,Test0252,user0252@example.com,+91-9000000252,32,Mumbai,Maharashtra,Initech,Business,Active,2,1315.00,2025-01-01
CUST-0253,User0253,Test0253,user0253@example.com,+91-9000000253,33,Pune,Delhi,Stark Industries,Enterprise,Inactive,3,1316.25,2025-02-02
CUST-0254,User0254,Test0254,user0254@example.com,+91-9000000254,34,Delhi,Karnataka,Wayne Enterprises,Individual,Pending,4,1317.50,2025-03-03
CUST-0255,User0255,Test0255,user0255@example.com,+91-9000000255,35,Bengaluru,Rajasthan,Acme Corp,Business,Active,5,1318.75,2025-04-04
CUST-0256,User0256,Test0256,user0256@example.com,+91-9000000256,36,Jaipur,Tamil Nadu,Globex,Enterprise,Inactive,6,1320.00,2025-05-05
CUST-0257,User0257,Test0257,user0257@example.com,+91-9000000257,37,Chennai,Telangana,Initech,Individual,Pending,7,1321.25,2025-06-06
CUST-0258,User0258,Test0258,user0258@example.com,+91-9000000258,38,Hyderabad,Maharashtra,Stark Industries,Business,Active,8,1322.50,2025-07-07
CUST-0259,User0259,Test0259,user0259@example.com,+91-9000000259,39,Mumbai,Delhi,Wayne Enterprises,Enterprise,Inactive,9,1323.75,2025-08-08
CUST-0260,User0260,Test0260,user0260@example.com,+91-9000000260,40,Pune,Karnataka,Acme Corp,Individual,Pending,10,1325.00,2025-09-09
CUST-0261,User0261,Test0261,user0261@example.com,+91-9000000261,41,Delhi,Rajasthan,Globex,Business,Active,11,1326.25,2025-10-10
CUST-0262,User0262,Test0262,user0262@example.com,+91-9000000262,42,Bengaluru,Tamil Nadu,Initech,Enterprise,Inactive,12,1327.50,2025-11-11
CUST-0263,User0263,Test0263,user0263@example.com,+91-9000000263,43,Jaipur,Telangana,Stark Industries,Individual,Pending,13,1328.75,2025-12-12
CUST-0264,User0264,Test0264,user0264@example.com,+91-9000000264,44,Chennai,Maharashtra,Wayne Enterprises,Business,Active,14,1330.00,2025-01-13
CUST-0265,User0265,Test0265,user0265@example.com,+91-9000000265,45,Hyderabad,Delhi,Acme Corp,Enterprise,Inactive,15,1331.25,2025-02-14
CUST-0266,User0266,Test0266,user0266@example.com,+91-9000000266,46,Mumbai,Karnataka,Globex,Individual,Pending,16,1332.50,2025-03-15
CUST-0267,User0267,Test0267,user0267@example.com,+91-9000000267,47,Pune,Rajasthan,Initech,Business,Active,17,1333.75,2025-04-16
CUST-0268,User0268,Test0268,user0268@example.com,+91-9000000268,48,Delhi,Tamil Nadu,Stark Industries,Enterprise,Inactive,18,1335.00,2025-05-17
CUST-0269,User0269,Test0269,user0269@example.com,+91-9000000269,49,Bengaluru,Telangana,Wayne Enterprises,Individual,Pending,19,1336.25,2025-06-18
CUST-0270,User0270,Test0270,user0270@example.com,+91-9000000270,50,Jaipur,Maharashtra,Acme Corp,Business,Active,20,1337.50,2025-07-19
CUST-0271,User0271,Test0271,user0271@example.com,+91-9000000271,51,Chennai,Delhi,Globex,Enterprise,Inactive,21,1338.75,2025-08-20
CUST-0272,User0272,Test0272,user0272@example.com,+91-9000000272,52,Hyderabad,Karnataka,Initech,Individual,Pending,22,1340.00,2025-09-21
CUST-0273,User0273,Test0273,user0273@example.com,+91-9000000273,53,Mumbai,Rajasthan,Stark Industries,Business,Active,23,1341.25,2025-10-22
CUST-0274,User0274,Test0274,user0274@example.com,+91-9000000274,54,Pune,Tamil Nadu,Wayne Enterprises,Enterprise,Inactive,24,1342.50,2025-11-23
CUST-0275,User0275,Test0275,user0275@example.com,+91-9000000275,55,Delhi,Telangana,Acme Corp,Individual,Pending,25,1343.75,2025-12-24
CUST-0276,User0276,Test0276,user0276@example.com,+91-9000000276,56,Bengaluru,Maharashtra,Globex,Business,Active,26,1345.00,2025-01-25
CUST-0277,User0277,Test0277,user0277@example.com,+91-9000000277,57,Jaipur,Delhi,Initech,Enterprise,Inactive,27,1346.25,2025-02-26
CUST-0278,User0278,Test0278,user0278@example.com,+91-9000000278,58,Chennai,Karnataka,Stark Industries,Individual,Pending,28,1347.50,2025-03-27
CUST-0279,User0279,Test0279,user0279@example.com,+91-9000000279,59,Hyderabad,Rajasthan,Wayne Enterprises,Business,Active,29,1348.75,2025-04-28
CUST-0280,User0280,Test0280,user0280@example.com,+91-9000000280,20,Mumbai,Tamil Nadu,Acme Corp,Enterprise,Inactive,30,1350.00,2025-05-01
CUST-0281,User0281,Test0281,user0281@example.com,+91-9000000281,21,Pune,Telangana,Globex,Individual,Pending,31,1351.25,2025-06-02
CUST-0282,User0282,Test0282,user0282@example.com,+91-9000000282,22,Delhi,Maharashtra,Initech,Business,Active,32,1352.50,2025-07-03
CUST-0283,User0283,Test0283,user0283@example.com,+91-9000000283,23,Bengaluru,Delhi,Stark Industries,Enterprise,Inactive,33,1353.75,2025-08-04
CUST-0284,User0284,Test0284,user0284@example.com,+91-9000000284,24,Jaipur,Karnataka,Wayne Enterprises,Individual,Pending,34,1355.00,2025-09-05
CUST-0285,User0285,Test0285,user0285@example.com,+91-9000000285,25,Chennai,Rajasthan,Acme Corp,Business,Active,35,1356.25,2025-10-06
CUST-0286,User0286,Test0286,user0286@example.com,+91-9000000286,26,Hyderabad,Tamil Nadu,Globex,Enterprise,Inactive,36,1357.50,2025-11-07
CUST-0287,User0287,Test0287,user0287@example.com,+91-9000000287,27,Mumbai,Telangana,Initech,Individual,Pending,37,1358.75,2025-12-08
CUST-0288,User0288,Test0288,user0288@example.com,+91-9000000288,28,Pune,Maharashtra,Stark Industries,Business,Active,38,1360.00,2025-01-09
CUST-0289,User0289,Test0289,user0289@example.com,+91-9000000289,29,Delhi,Delhi,Wayne Enterprises,Enterprise,Inactive,39,1361.25,2025-02-10
CUST-0290,User0290,Test0290,user0290@example.com,+91-9000000290,30,Bengaluru,Karnataka,Acme Corp,Individual,Pending,40,1362.50,2025-03-11
CUST-0291,User0291,Test0291,user0291@example.com,+91-9000000291,31,Jaipur,Rajasthan,Globex,Business,Active,41,1363.75,2025-04-12
CUST-0292,User0292,Test0292,user0292@example.com,+91-9000000292,32,Chennai,Tamil Nadu,Initech,Enterprise,Inactive,42,1365.00,2025-05-13
CUST-0293,User0293,Test0293,user0293@example.com,+91-9000000293,33,Hyderabad,Telangana,Stark Industries,Individual,Pending,43,1366.25,2025-06-14
CUST-0294,User0294,Test0294,user0294@example.com,+91-9000000294,34,Mumbai,Maharashtra,Wayne Enterprises,Business,Active,44,1367.50,2025-07-15
CUST-0295,User0295,Test0295,user0295@example.com,+91-9000000295,35,Pune,Delhi,Acme Corp,Enterprise,Inactive,45,1368.75,2025-08-16
CUST-0296,User0296,Test0296,user0296@example.com,+91-9000000296,36,Delhi,Karnataka,Globex,Individual,Pending,46,1370.00,2025-09-17
CUST-0297,User0297,Test0297,user0297@example.com,+91-9000000297,37,Bengaluru,Rajasthan,Initech,Business,Active,47,1371.25,2025-10-18
CUST-0298,User0298,Test0298,user0298@example.com,+91-9000000298,38,Jaipur,Tamil Nadu,Stark Industries,Enterprise,Inactive,48,1372.50,2025-11-19
CUST-0299,User0299,Test0299,user0299@example.com,+91-9000000299,39,Chennai,Telangana,Wayne Enterprises,Individual,Pending,49,1373.75,2025-12-20
CUST-0300,User0300,Test0300,user0300@example.com,+91-9000000300,40,Hyderabad,Maharashtra,Acme Corp,Business,Active,0,1375.00,2025-01-21
CUST-0301,User0301,Test0301,user0301@example.com,+91-9000000301,41,Mumbai,Delhi,Globex,Enterprise,Inactive,1,1376.25,2025-02-22
CUST-0302,User0302,Test0302,user0302@example.com,+91-9000000302,42,Pune,Karnataka,Initech,Individual,Pending,2,1377.50,2025-03-23
CUST-0303,User0303,Test0303,user0303@example.com,+91-9000000303,43,Delhi,Rajasthan,Stark Industries,Business,Active,3,1378.75,2025-04-24
CUST-0304,User0304,Test0304,user0304@example.com,+91-9000000304,44,Bengaluru,Tamil Nadu,Wayne Enterprises,Enterprise,Inactive,4,1380.00,2025-05-25
CUST-0305,User0305,Test0305,user0305@example.com,+91-9000000305,45,Jaipur,Telangana,Acme Corp,Individual,Pending,5,1381.25,2025-06-26
CUST-0306,User0306,Test0306,user0306@example.com,+91-9000000306,46,Chennai,Maharashtra,Globex,Business,Active,6,1382.50,2025-07-27
CUST-0307,User0307,Test0307,user0307@example.com,+91-9000000307,47,Hyderabad,Delhi,Initech,Enterprise,Inactive,7,1383.75,2025-08-28
CUST-0308,User0308,Test0308,user0308@example.com,+91-9000000308,48,Mumbai,Karnataka,Stark Industries,Individual,Pending,8,1385.00,2025-09-01
CUST-0309,User0309,Test0309,user0309@example.com,+91-9000000309,49,Pune,Rajasthan,Wayne Enterprises,Business,Active,9,1386.25,2025-10-02
CUST-0310,User0310,Test0310,user0310@example.com,+91-9000000310,50,Delhi,Tamil Nadu,Acme Corp,Enterprise,Inactive,10,1387.50,2025-11-03
CUST-0311,User0311,Test0311,user0311@example.com,+91-9000000311,51,Bengaluru,Telangana,Globex,Individual,Pending,11,1388.75,2025-12-04
CUST-0312,User0312,Test0312,user0312@example.com,+91-9000000312,52,Jaipur,Maharashtra,Initech,Business,Active,12,1390.00,2025-01-05
CUST-0313,User0313,Test0313,user0313@example.com,+91-9000000313,53,Chennai,Delhi,Stark Industries,Enterprise,Inactive,13,1391.25,2025-02-06
CUST-0314,User0314,Test0314,user0314@example.com,+91-9000000314,54,Hyderabad,Karnataka,Wayne Enterprises,Individual,Pending,14,1392.50,2025-03-07
CUST-0315,User0315,Test0315,user0315@example.com,+91-9000000315,55,Mumbai,Rajasthan,Acme Corp,Business,Active,15,1393.75,2025-04-08
CUST-0316,User0316,Test0316,user0316@example.com,+91-9000000316,56,Pune,Tamil Nadu,Globex,Enterprise,Inactive,16,1395.00,2025-05-09
CUST-0317,User0317,Test0317,user0317@example.com,+91-9000000317,57,Delhi,Telangana,Initech,Individual,Pending,17,1396.25,2025-06-10
CUST-0318,User0318,Test0318,user0318@example.com,+91-9000000318,58,Bengaluru,Maharashtra,Stark Industries,Business,Active,18,1397.50,2025-07-11
CUST-0319,User0319,Test0319,user0319@example.com,+91-9000000319,59,Jaipur,Delhi,Wayne Enterprises,Enterprise,Inactive,19,1398.75,2025-08-12
CUST-0320,User0320,Test0320,user0320@example.com,+91-9000000320,20,Chennai,Karnataka,Acme Corp,Individual,Pending,20,1400.00,2025-09-13
CUST-0321,User0321,Test0321,user0321@example.com,+91-9000000321,21,Hyderabad,Rajasthan,Globex,Business,Active,21,1401.25,2025-10-14
CUST-0322,User0322,Test0322,user0322@example.com,+91-9000000322,22,Mumbai,Tamil Nadu,Initech,Enterprise,Inactive,22,1402.50,2025-11-15
CUST-0323,User0323,Test0323,user0323@example.com,+91-9000000323,23,Pune,Telangana,Stark Industries,Individual,Pending,23,1403.75,2025-12-16
CUST-0324,User0324,Test0324,user0324@example.com,+91-9000000324,24,Delhi,Maharashtra,Wayne Enterprises,Business,Active,24,1405.00,2025-01-17
CUST-0325,User0325,Test0325,user0325@example.com,+91-9000000325,25,Bengaluru,Delhi,Acme Corp,Enterprise,Inactive,25,1406.25,2025-02-18
CUST-0326,User0326,Test0326,user0326@example.com,+91-9000000326,26,Jaipur,Karnataka,Globex,Individual,Pending,26,1407.50,2025-03-19
CUST-0327,User0327,Test0327,user0327@example.com,+91-9000000327,27,Chennai,Rajasthan,Initech,Business,Active,27,1408.75,2025-04-20
CUST-0328,User0328,Test0328,user0328@example.com,+91-9000000328,28,Hyderabad,Tamil Nadu,Stark Industries,Enterprise,Inactive,28,1410.00,2025-05-21
CUST-0329,User0329,Test0329,user0329@example.com,+91-9000000329,29,Mumbai,Telangana,Wayne Enterprises,Individual,Pending,29,1411.25,2025-06-22
CUST-0330,User0330,Test0330,user0330@example.com,+91-9000000330,30,Pune,Maharashtra,Acme Corp,Business,Active,30,1412.50,2025-07-23
CUST-0331,User0331,Test0331,user0331@example.com,+91-9000000331,31,Delhi,Delhi,Globex,Enterprise,Inactive,31,1413.75,2025-08-24
CUST-0332,User0332,Test0332,user0332@example.com,+91-9000000332,32,Bengaluru,Karnataka,Initech,Individual,Pending,32,1415.00,2025-09-25
CUST-0333,User0333,Test0333,user0333@example.com,+91-9000000333,33,Jaipur,Rajasthan,Stark Industries,Business,Active,33,1416.25,2025-10-26
CUST-0334,User0334,Test0334,user0334@example.com,+91-9000000334,34,Chennai,Tamil Nadu,Wayne Enterprises,Enterprise,Inactive,34,1417.50,2025-11-27
CUST-0335,User0335,Test0335,user0335@example.com,+91-9000000335,35,Hyderabad,Telangana,Acme Corp,Individual,Pending,35,1418.75,2025-12-28
CUST-0336,User0336,Test0336,user0336@example.com,+91-9000000336,36,Mumbai,Maharashtra,Globex,Business,Active,36,1420.00,2025-01-01
CUST-0337,User0337,Test0337,user0337@example.com,+91-9000000337,37,Pune,Delhi,Initech,Enterprise,Inactive,37,1421.25,2025-02-02
CUST-0338,User0338,Test0338,user0338@example.com,+91-9000000338,38,Delhi,Karnataka,Stark Industries,Individual,Pending,38,1422.50,2025-03-03
CUST-0339,User0339,Test0339,user0339@example.com,+91-9000000339,39,Bengaluru,Rajasthan,Wayne Enterprises,Business,Active,39,1423.75,2025-04-04
CUST-0340,User0340,Test0340,user0340@example.com,+91-9000000340,40,Jaipur,Tamil Nadu,Acme Corp,Enterprise,Inactive,40,1425.00,2025-05-05
CUST-0341,User0341,Test0341,user0341@example.com,+91-9000000341,41,Chennai,Telangana,Globex,Individual,Pending,41,1426.25,2025-06-06
CUST-0342,User0342,Test0342,user0342@example.com,+91-9000000342,42,Hyderabad,Maharashtra,Initech,Business,Active,42,1427.50,2025-07-07
CUST-0343,User0343,Test0343,user0343@example.com,+91-9000000343,43,Mumbai,Delhi,Stark Industries,Enterprise,Inactive,43,1428.75,2025-08-08
CUST-0344,User0344,Test0344,user0344@example.com,+91-9000000344,44,Pune,Karnataka,Wayne Enterprises,Individual,Pending,44,1430.00,2025-09-09
CUST-0345,User0345,Test0345,user0345@example.com,+91-9000000345,45,Delhi,Rajasthan,Acme Corp,Business,Active,45,1431.25,2025-10-10
CUST-0346,User0346,Test0346,user0346@example.com,+91-9000000346,46,Bengaluru,Tamil Nadu,Globex,Enterprise,Inactive,46,1432.50,2025-11-11
CUST-0347,User0347,Test0347,user0347@example.com,+91-9000000347,47,Jaipur,Telangana,Initech,Individual,Pending,47,1433.75,2025-12-12
CUST-0348,User0348,Test0348,user0348@example.com,+91-9000000348,48,Chennai,Maharashtra,Stark Industries,Business,Active,48,1435.00,2025-01-13
CUST-0349,User0349,Test0349,user0349@example.com,+91-9000000349,49,Hyderabad,Delhi,Wayne Enterprises,Enterprise,Inactive,49,1436.25,2025-02-14
CUST-0350,User0350,Test0350,user0350@example.com,+91-9000000350,50,Mumbai,Karnataka,Acme Corp,Individual,Pending,0,1437.50,2025-03-15
CUST-0351,User0351,Test0351,user0351@example.com,+91-9000000351,51,Pune,Rajasthan,Globex,Business,Active,1,1438.75,2025-04-16
CUST-0352,User0352,Test0352,user0352@example.com,+91-9000000352,52,Delhi,Tamil Nadu,Initech,Enterprise,Inactive,2,1440.00,2025-05-17
CUST-0353,User0353,Test0353,user0353@example.com,+91-9000000353,53,Bengaluru,Telangana,Stark Industries,Individual,Pending,3,1441.25,2025-06-18
CUST-0354,User0354,Test0354,user0354@example.com,+91-9000000354,54,Jaipur,Maharashtra,Wayne Enterprises,Business,Active,4,1442.50,2025-07-19
CUST-0355,User0355,Test0355,user0355@example.com,+91-9000000355,55,Chennai,Delhi,Acme Corp,Enterprise,Inactive,5,1443.75,2025-08-20
CUST-0356,User0356,Test0356,user0356@example.com,+91-9000000356,56,Hyderabad,Karnataka,Globex,Individual,Pending,6,1445.00,2025-09-21
CUST-0357,User0357,Test0357,user0357@example.com,+91-9000000357,57,Mumbai,Rajasthan,Initech,Business,Active,7,1446.25,2025-10-22
CUST-0358,User0358,Test0358,user0358@example.com,+91-9000000358,58,Pune,Tamil Nadu,Stark Industries,Enterprise,Inactive,8,1447.50,2025-11-23
CUST-0359,User0359,Test0359,user0359@example.com,+91-9000000359,59,Delhi,Telangana,Wayne Enterprises,Individual,Pending,9,1448.75,2025-12-24
CUST-0360,User0360,Test0360,user0360@example.com,+91-9000000360,20,Bengaluru,Maharashtra,Acme Corp,Business,Active,10,1450.00,2025-01-25
CUST-0361,User0361,Test0361,user0361@example.com,+91-9000000361,21,Jaipur,Delhi,Globex,Enterprise,Inactive,11,1451.25,2025-02-26
CUST-0362,User0362,Test0362,user0362@example.com,+91-9000000362,22,Chennai,Karnataka,Initech,Individual,Pending,12,1452.50,2025-03-27
CUST-0363,User0363,Test0363,user0363@example.com,+91-9000000363,23,Hyderabad,Rajasthan,Stark Industries,Business,Active,13,1453.75,2025-04-28
CUST-0364,User0364,Test0364,user0364@example.com,+91-9000000364,24,Mumbai,Tamil Nadu,Wayne Enterprises,Enterprise,Inactive,14,1455.00,2025-05-01
CUST-0365,User0365,Test0365,user0365@example.com,+91-9000000365,25,Pune,Telangana,Acme Corp,Individual,Pending,15,1456.25,2025-06-02
CUST-0366,User0366,Test0366,user0366@example.com,+91-9000000366,26,Delhi,Maharashtra,Globex,Business,Active,16,1457.50,2025-07-03
CUST-0367,User0367,Test0367,user0367@example.com,+91-9000000367,27,Bengaluru,Delhi,Initech,Enterprise,Inactive,17,1458.75,2025-08-04
CUST-0368,User0368,Test0368,user0368@example.com,+91-9000000368,28,Jaipur,Karnataka,Stark Industries,Individual,Pending,18,1460.00,2025-09-05
CUST-0369,User0369,Test0369,user0369@example.com,+91-9000000369,29,Chennai,Rajasthan,Wayne Enterprises,Business,Active,19,1461.25,2025-10-06
CUST-0370,User0370,Test0370,user0370@example.com,+91-9000000370,30,Hyderabad,Tamil Nadu,Acme Corp,Enterprise,Inactive,20,1462.50,2025-11-07
CUST-0371,User0371,Test0371,user0371@example.com,+91-9000000371,31,Mumbai,Telangana,Globex,Individual,Pending,21,1463.75,2025-12-08
CUST-0372,User0372,Test0372,user0372@example.com,+91-9000000372,32,Pune,Maharashtra,Initech,Business,Active,22,1465.00,2025-01-09
CUST-0373,User0373,Test0373,user0373@example.com,+91-9000000373,33,Delhi,Delhi,Stark Industries,Enterprise,Inactive,23,1466.25,2025-02-10
CUST-0374,User0374,Test0374,user0374@example.com,+91-9000000374,34,Bengaluru,Karnataka,Wayne Enterprises,Individual,Pending,24,1467.50,2025-03-11
CUST-0375,User0375,Test0375,user0375@example.com,+91-9000000375,35,Jaipur,Rajasthan,Acme Corp,Business,Active,25,1468.75,2025-04-12
CUST-0376,User0376,Test0376,user0376@example.com,+91-9000000376,36,Chennai,Tamil Nadu,Globex,Enterprise,Inactive,26,1470.00,2025-05-13
CUST-0377,User0377,Test0377,user0377@example.com,+91-9000000377,37,Hyderabad,Telangana,Initech,Individual,Pending,27,1471.25,2025-06-14
CUST-0378,User0378,Test0378,user0378@example.com,+91-9000000378,38,Mumbai,Maharashtra,Stark Industries,Business,Active,28,1472.50,2025-07-15
CUST-0379,User0379,Test0379,user0379@example.com,+91-9000000379,39,Pune,Delhi,Wayne Enterprises,Enterprise,Inactive,29,1473.75,2025-08-16
CUST-0380,User0380,Test0380,user0380@example.com,+91-9000000380,40,Delhi,Karnataka,Acme Corp,Individual,Pending,30,1475.00,2025-09-17
CUST-0381,User0381,Test0381,user0381@example.com,+91-9000000381,41,Bengaluru,Rajasthan,Globex,Business,Active,31,1476.25,2025-10-18
CUST-0382,User0382,Test0382,user0382@example.com,+91-9000000382,42,Jaipur,Tamil Nadu,Initech,Enterprise,Inactive,32,1477.50,2025-11-19
CUST-0383,User0383,Test0383,user0383@example.com,+91-9000000383,43,Chennai,Telangana,Stark Industries,Individual,Pending,33,1478.75,2025-12-20
CUST-0384,User0384,Test0384,user0384@example.com,+91-9000000384,44,Hyderabad,Maharashtra,Wayne Enterprises,Business,Active,34,1480.00,2025-01-21
CUST-0385,User0385,Test0385,user0385@example.com,+91-9000000385,45,Mumbai,Delhi,Acme Corp,Enterprise,Inactive,35,1481.25,2025-02-22
CUST-0386,User0386,Test0386,user0386@example.com,+91-9000000386,46,Pune,Karnataka,Globex,Individual,Pending,36,1482.50,2025-03-23
CUST-0387,User0387,Test0387,user0387@example.com,+91-9000000387,47,Delhi,Rajasthan,Initech,Business,Active,37,1483.75,2025-04-24
CUST-0388,User0388,Test0388,user0388@example.com,+91-9000000388,48,Bengaluru,Tamil Nadu,Stark Industries,Enterprise,Inactive,38,1485.00,2025-05-25
CUST-0389,User0389,Test0389,user0389@example.com,+91-9000000389,49,Jaipur,Telangana,Wayne Enterprises,Individual,Pending,39,1486.25,2025-06-26
CUST-0390,User0390,Test0390,user0390@example.com,+91-9000000390,50,Chennai,Maharashtra,Acme Corp,Business,Active,40,1487.50,2025-07-27
CUST-0391,User0391,Test0391,user0391@example.com,+91-9000000391,51,Hyderabad,Delhi,Globex,Enterprise,Inactive,41,1488.75,2025-08-28
CUST-0392,User0392,Test0392,user0392@example.com,+91-9000000392,52,Mumbai,Karnataka,Initech,Individual,Pending,42,1490.00,2025-09-01
CUST-0393,User0393,Test0393,user0393@example.com,+91-9000000393,53,Pune,Rajasthan,Stark Industries,Business,Active,43,1491.25,2025-10-02
CUST-0394,User0394,Test0394,user0394@example.com,+91-9000000394,54,Delhi,Tamil Nadu,Wayne Enterprises,Enterprise,Inactive,44,1492.50,2025-11-03
CUST-0395,User0395,Test0395,user0395@example.com,+91-9000000395,55,Bengaluru,Telangana,Acme Corp,Individual,Pending,45,1493.75,2025-12-04
CUST-0396,User0396,Test0396,user0396@example.com,+91-9000000396,56,Jaipur,Maharashtra,Globex,Business,Active,46,1495.00,2025-01-05
CUST-0397,User0397,Test0397,user0397@example.com,+91-9000000397,57,Chennai,Delhi,Initech,Enterprise,Inactive,47,1496.25,2025-02-06
CUST-0398,User0398,Test0398,user0398@example.com,+91-9000000398,58,Hyderabad,Karnataka,Stark Industries,Individual,Pending,48,1497.50,2025-03-07
CUST-0399,User0399,Test0399,user0399@example.com,+91-9000000399,59,Mumbai,Rajasthan,Wayne Enterprises,Business,Active,49,1498.75,2025-04-08
CUST-0400,User0400,Test0400,user0400@example.com,+91-9000000400,20,Pune,Tamil Nadu,Acme Corp,Enterprise,Inactive,0,1500.00,2025-05-09
CUST-0401,User0401,Test0401,user0401@example.com,+91-9000000401,21,Delhi,Telangana,Globex,Individual,Pending,1,1501.25,2025-06-10
CUST-0402,User0402,Test0402,user0402@example.com,+91-9000000402,22,Bengaluru,Maharashtra,Initech,Business,Active,2,1502.50,2025-07-11
CUST-0403,User0403,Test0403,user0403@example.com,+91-9000000403,23,Jaipur,Delhi,Stark Industries,Enterprise,Inactive,3,1503.75,2025-08-12
CUST-0404,User0404,Test0404,user0404@example.com,+91-9000000404,24,Chennai,Karnataka,Wayne Enterprises,Individual,Pending,4,1505.00,2025-09-13
CUST-0405,User0405,Test0405,user0405@example.com,+91-9000000405,25,Hyderabad,Rajasthan,Acme Corp,Business,Active,5,1506.25,2025-10-14
CUST-0406,User0406,Test0406,user0406@example.com,+91-9000000406,26,Mumbai,Tamil Nadu,Globex,Enterprise,Inactive,6,1507.50,2025-11-15
CUST-0407,User0407,Test0407,user0407@example.com,+91-9000000407,27,Pune,Telangana,Initech,Individual,Pending,7,1508.75,2025-12-16
CUST-0408,User0408,Test0408,user0408@example.com,+91-9000000408,28,Delhi,Maharashtra,Stark Industries,Business,Active,8,1510.00,2025-01-17
CUST-0409,User0409,Test0409,user0409@example.com,+91-9000000409,29,Bengaluru,Delhi,Wayne Enterprises,Enterprise,Inactive,9,1511.25,2025-02-18
CUST-0410,User0410,Test0410,user0410@example.com,+91-9000000410,30,Jaipur,Karnataka,Acme Corp,Individual,Pending,10,1512.50,2025-03-19
CUST-0411,User0411,Test0411,user0411@example.com,+91-9000000411,31,Chennai,Rajasthan,Globex,Business,Active,11,1513.75,2025-04-20
CUST-0412,User0412,Test0412,user0412@example.com,+91-9000000412,32,Hyderabad,Tamil Nadu,Initech,Enterprise,Inactive,12,1515.00,2025-05-21
CUST-0413,User0413,Test0413,user0413@example.com,+91-9000000413,33,Mumbai,Telangana,Stark Industries,Individual,Pending,13,1516.25,2025-06-22
CUST-0414,User0414,Test0414,user0414@example.com,+91-9000000414,34,Pune,Maharashtra,Wayne Enterprises,Business,Active,14,1517.50,2025-07-23
CUST-0415,User0415,Test0415,user0415@example.com,+91-9000000415,35,Delhi,Delhi,Acme Corp,Enterprise,Inactive,15,1518.75,2025-08-24
CUST-0416,User0416,Test0416,user0416@example.com,+91-9000000416,36,Bengaluru,Karnataka,Globex,Individual,Pending,16,1520.00,2025-09-25
CUST-0417,User0417,Test0417,user0417@example.com,+91-9000000417,37,Jaipur,Rajasthan,Initech,Business,Active,17,1521.25,2025-10-26
CUST-0418,User0418,Test0418,user0418@example.com,+91-9000000418,38,Chennai,Tamil Nadu,Stark Industries,Enterprise,Inactive,18,1522.50,2025-11-27
CUST-0419,User0419,Test0419,user0419@example.com,+91-9000000419,39,Hyderabad,Telangana,Wayne Enterprises,Individual,Pending,19,1523.75,2025-12-28
CUST-0420,User0420,Test0420,user0420@example.com,+91-9000000420,40,Mumbai,Maharashtra,Acme Corp,Business,Active,20,1525.00,2025-01-01
CUST-0421,User0421,Test0421,user0421@example.com,+91-9000000421,41,Pune,Delhi,Globex,Enterprise,Inactive,21,1526.25,2025-02-02
CUST-0422,User0422,Test0422,user0422@example.com,+91-9000000422,42,Delhi,Karnataka,Initech,Individual,Pending,22,1527.50,2025-03-03
CUST-0423,User0423,Test0423,user0423@example.com,+91-9000000423,43,Bengaluru,Rajasthan,Stark Industries,Business,Active,23,1528.75,2025-04-04
CUST-0424,User0424,Test0424,user0424@example.com,+91-9000000424,44,Jaipur,Tamil Nadu,Wayne Enterprises,Enterprise,Inactive,24,1530.00,2025-05-05
CUST-0425,User0425,Test0425,user0425@example.com,+91-9000000425,45,Chennai,Telangana,Acme Corp,Individual,Pending,25,1531.25,2025-06-06
CUST-0426,User0426,Test0426,user0426@example.com,+91-9000000426,46,Hyderabad,Maharashtra,Globex,Business,Active,26,1532.50,2025-07-07
CUST-0427,User0427,Test0427,user0427@example.com,+91-9000000427,47,Mumbai,Delhi,Initech,Enterprise,Inactive,27,1533.75,2025-08-08
CUST-0428,User0428,Test0428,user0428@example.com,+91-9000000428,48,Pune,Karnataka,Stark Industries,Individual,Pending,28,1535.00,2025-09-09
CUST-0429,User0429,Test0429,user0429@example.com,+91-9000000429,49,Delhi,Rajasthan,Wayne Enterprises,Business,Active,29,1536.25,2025-10-10
CUST-0430,User0430,Test0430,user0430@example.com,+91-9000000430,50,Bengaluru,Tamil Nadu,Acme Corp,Enterprise,Inactive,30,1537.50,2025-11-11
CUST-0431,User0431,Test0431,user0431@example.com,+91-9000000431,51,Jaipur,Telangana,Globex,Individual,Pending,31,1538.75,2025-12-12
CUST-0432,User0432,Test0432,user0432@example.com,+91-9000000432,52,Chennai,Maharashtra,Initech,Business,Active,32,1540.00,2025-01-13
CUST-0433,User0433,Test0433,user0433@example.com,+91-9000000433,53,Hyderabad,Delhi,Stark Industries,Enterprise,Inactive,33,1541.25,2025-02-14
CUST-0434,User0434,Test0434,user0434@example.com,+91-9000000434,54,Mumbai,Karnataka,Wayne Enterprises,Individual,Pending,34,1542.50,2025-03-15
CUST-0435,User0435,Test0435,user0435@example.com,+91-9000000435,55,Pune,Rajasthan,Acme Corp,Business,Active,35,1543.75,2025-04-16
CUST-0436,User0436,Test0436,user0436@example.com,+91-9000000436,56,Delhi,Tamil Nadu,Globex,Enterprise,Inactive,36,1545.00,2025-05-17
CUST-0437,User0437,Test0437,user0437@example.com,+91-9000000437,57,Bengaluru,Telangana,Initech,Individual,Pending,37,1546.25,2025-06-18
CUST-0438,User0438,Test0438,user0438@example.com,+91-9000000438,58,Jaipur,Maharashtra,Stark Industries,Business,Active,38,1547.50,2025-07-19
CUST-0439,User0439,Test0439,user0439@example.com,+91-9000000439,59,Chennai,Delhi,Wayne Enterprises,Enterprise,Inactive,39,1548.75,2025-08-20
CUST-0440,User0440,Test0440,user0440@example.com,+91-9000000440,20,Hyderabad,Karnataka,Acme Corp,Individual,Pending,40,1550.00,2025-09-21
CUST-0441,User0441,Test0441,user0441@example.com,+91-9000000441,21,Mumbai,Rajasthan,Globex,Business,Active,41,1551.25,2025-10-22
CUST-0442,User0442,Test0442,user0442@example.com,+91-9000000442,22,Pune,Tamil Nadu,Initech,Enterprise,Inactive,42,1552.50,2025-11-23
CUST-0443,User0443,Test0443,user0443@example.com,+91-9000000443,23,Delhi,Telangana,Stark Industries,Individual,Pending,43,1553.75,2025-12-24
CUST-0444,User0444,Test0444,user0444@example.com,+91-9000000444,24,Bengaluru,Maharashtra,Wayne Enterprises,Business,Active,44,1555.00,2025-01-25
CUST-0445,User0445,Test0445,user0445@example.com,+91-9000000445,25,Jaipur,Delhi,Acme Corp,Enterprise,Inactive,45,1556.25,2025-02-26
CUST-0446,User0446,Test0446,user0446@example.com,+91-9000000446,26,Chennai,Karnataka,Globex,Individual,Pending,46,1557.50,2025-03-27
CUST-0447,User0447,Test0447,user0447@example.com,+91-9000000447,27,Hyderabad,Rajasthan,Initech,Business,Active,47,1558.75,2025-04-28
CUST-0448,User0448,Test0448,user0448@example.com,+91-9000000448,28,Mumbai,Tamil Nadu,Stark Industries,Enterprise,Inactive,48,1560.00,2025-05-01
CUST-0449,User0449,Test0449,user0449@example.com,+91-9000000449,29,Pune,Telangana,Wayne Enterprises,Individual,Pending,49,1561.25,2025-06-02
CUST-0450,User0450,Test0450,user0450@example.com,+91-9000000450,30,Delhi,Maharashtra,Acme Corp,Business,Active,0,1562.50,2025-07-03
CUST-0451,User0451,Test0451,user0451@example.com,+91-9000000451,31,Bengaluru,Delhi,Globex,Enterprise,Inactive,1,1563.75,2025-08-04
CUST-0452,User0452,Test0452,user0452@example.com,+91-9000000452,32,Jaipur,Karnataka,Initech,Individual,Pending,2,1565.00,2025-09-05
CUST-0453,User0453,Test0453,user0453@example.com,+91-9000000453,33,Chennai,Rajasthan,Stark Industries,Business,Active,3,1566.25,2025-10-06
CUST-0454,User0454,Test0454,user0454@example.com,+91-9000000454,34,Hyderabad,Tamil Nadu,Wayne Enterprises,Enterprise,Inactive,4,1567.50,2025-11-07
CUST-0455,User0455,Test0455,user0455@example.com,+91-9000000455,35,Mumbai,Telangana,Acme Corp,Individual,Pending,5,1568.75,2025-12-08
CUST-0456,User0456,Test0456,user0456@example.com,+91-9000000456,36,Pune,Maharashtra,Globex,Business,Active,6,1570.00,2025-01-09
CUST-0457,User0457,Test0457,user0457@example.com,+91-9000000457,37,Delhi,Delhi,Initech,Enterprise,Inactive,7,1571.25,2025-02-10
CUST-0458,User0458,Test0458,user0458@example.com,+91-9000000458,38,Bengaluru,Karnataka,Stark Industries,Individual,Pending,8,1572.50,2025-03-11
CUST-0459,User0459,Test0459,user0459@example.com,+91-9000000459,39,Jaipur,Rajasthan,Wayne Enterprises,Business,Active,9,1573.75,2025-04-12
CUST-0460,User0460,Test0460,user0460@example.com,+91-9000000460,40,Chennai,Tamil Nadu,Acme Corp,Enterprise,Inactive,10,1575.00,2025-05-13
CUST-0461,User0461,Test0461,user0461@example.com,+91-9000000461,41,Hyderabad,Telangana,Globex,Individual,Pending,11,1576.25,2025-06-14
CUST-0462,User0462,Test0462,user0462@example.com,+91-9000000462,42,Mumbai,Maharashtra,Initech,Business,Active,12,1577.50,2025-07-15
CUST-0463,User0463,Test0463,user0463@example.com,+91-9000000463,43,Pune,Delhi,Stark Industries,Enterprise,Inactive,13,1578.75,2025-08-16
CUST-0464,User0464,Test0464,user0464@example.com,+91-9000000464,44,Delhi,Karnataka,Wayne Enterprises,Individual,Pending,14,1580.00,2025-09-17
CUST-0465,User0465,Test0465,user0465@example.com,+91-9000000465,45,Bengaluru,Rajasthan,Acme Corp,Business,Active,15,1581.25,2025-10-18
CUST-0466,User0466,Test0466,user0466@example.com,+91-9000000466,46,Jaipur,Tamil Nadu,Globex,Enterprise,Inactive,16,1582.50,2025-11-19
CUST-0467,User0467,Test0467,user0467@example.com,+91-9000000467,47,Chennai,Telangana,Initech,Individual,Pending,17,1583.75,2025-12-20
CUST-0468,User0468,Test0468,user0468@example.com,+91-9000000468,48,Hyderabad,Maharashtra,Stark Industries,Business,Active,18,1585.00,2025-01-21
CUST-0469,User0469,Test0469,user0469@example.com,+91-9000000469,49,Mumbai,Delhi,Wayne Enterprises,Enterprise,Inactive,19,1586.25,2025-02-22
CUST-0470,User0470,Test0470,user0470@example.com,+91-9000000470,50,Pune,Karnataka,Acme Corp,Individual,Pending,20,1587.50,2025-03-23
CUST-0471,User0471,Test0471,user0471@example.com,+91-9000000471,51,Delhi,Rajasthan,Globex,Business,Active,21,1588.75,2025-04-24
CUST-0472,User0472,Test0472,user0472@example.com,+91-9000000472,52,Bengaluru,Tamil Nadu,Initech,Enterprise,Inactive,22,1590.00,2025-05-25
CUST-0473,User0473,Test0473,user0473@example.com,+91-9000000473,53,Jaipur,Telangana,Stark Industries,Individual,Pending,23,1591.25,2025-06-26
CUST-0474,User0474,Test0474,user0474@example.com,+91-9000000474,54,Chennai,Maharashtra,Wayne Enterprises,Business,Active,24,1592.50,2025-07-27
CUST-0475,User0475,Test0475,user0475@example.com,+91-9000000475,55,Hyderabad,Delhi,Acme Corp,Enterprise,Inactive,25,1593.75,2025-08-28
CUST-0476,User0476,Test0476,user0476@example.com,+91-9000000476,56,Mumbai,Karnataka,Globex,Individual,Pending,26,1595.00,2025-09-01
CUST-0477,User0477,Test0477,user0477@example.com,+91-9000000477,57,Pune,Rajasthan,Initech,Business,Active,27,1596.25,2025-10-02
CUST-0478,User0478,Test0478,user0478@example.com,+91-9000000478,58,Delhi,Tamil Nadu,Stark Industries,Enterprise,Inactive,28,1597.50,2025-11-03
CUST-0479,User0479,Test0479,user0479@example.com,+91-9000000479,59,Bengaluru,Telangana,Wayne Enterprises,Individual,Pending,29,1598.75,2025-12-04
CUST-0480,User0480,Test0480,user0480@example.com,+91-9000000480,20,Jaipur,Maharashtra,Acme Corp,Business,Active,30,1600.00,2025-01-05
CUST-0481,User0481,Test0481,user0481@example.com,+91-9000000481,21,Chennai,Delhi,Globex,Enterprise,Inactive,31,1601.25,2025-02-06
CUST-0482,User0482,Test0482,user0482@example.com,+91-9000000482,22,Hyderabad,Karnataka,Initech,Individual,Pending,32,1602.50,2025-03-07
CUST-0483,User0483,Test0483,user0483@example.com,+91-9000000483,23,Mumbai,Rajasthan,Stark Industries,Business,Active,33,1603.75,2025-04-08
CUST-0484,User0484,Test0484,user0484@example.com,+91-9000000484,24,Pune,Tamil Nadu,Wayne Enterprises,Enterprise,Inactive,34,1605.00,2025-05-09
CUST-0485,User0485,Test0485,user0485@example.com,+91-9000000485,25,Delhi,Telangana,Acme Corp,Individual,Pending,35,1606.25,2025-06-10
CUST-0486,User0486,Test0486,user0486@example.com,+91-9000000486,26,Bengaluru,Maharashtra,Globex,Business,Active,36,1607.50,2025-07-11
CUST-0487,User0487,Test0487,user0487@example.com,+91-9000000487,27,Jaipur,Delhi,Initech,Enterprise,Inactive,37,1608.75,2025-08-12
CUST-0488,User0488,Test0488,user0488@example.com,+91-9000000488,28,Chennai,Karnataka,Stark Industries,Individual,Pending,38,1610.00,2025-09-13
CUST-0489,User0489,Test0489,user0489@example.com,+91-9000000489,29,Hyderabad,Rajasthan,Wayne Enterprises,Business,Active,39,1611.25,2025-10-14
CUST-0490,User0490,Test0490,user0490@example.com,+91-9000000490,30,Mumbai,Tamil Nadu,Acme Corp,Enterprise,Inactive,40,1612.50,2025-11-15
CUST-0491,User0491,Test0491,user0491@example.com,+91-9000000491,31,Pune,Telangana,Globex,Individual,Pending,41,1613.75,2025-12-16
CUST-0492,User0492,Test0492,user0492@example.com,+91-9000000492,32,Delhi,Maharashtra,Initech,Business,Active,42,1615.00,2025-01-17
CUST-0493,User0493,Test0493,user0493@example.com,+91-9000000493,33,Bengaluru,Delhi,Stark Industries,Enterprise,Inactive,43,1616.25,2025-02-18
CUST-0494,User0494,Test0494,user0494@example.com,+91-9000000494,34,Jaipur,Karnataka,Wayne Enterprises,Individual,Pending,44,1617.50,2025-03-19
CUST-0495,User0495,Test0495,user0495@example.com,+91-9000000495,35,Chennai,Rajasthan,Acme Corp,Business,Active,45,1618.75,2025-04-20
CUST-0496,User0496,Test0496,user0496@example.com,+91-9000000496,36,Hyderabad,Tamil Nadu,Globex,Enterprise,Inactive,46,1620.00,2025-05-21
CUST-0497,User0497,Test0497,user0497@example.com,+91-9000000497,37,Mumbai,Telangana,Initech,Individual,Pending,47,1621.25,2025-06-22
CUST-0498,User0498,Test0498,user0498@example.com,+91-9000000498,38,Pune,Maharashtra,Stark Industries,Business,Active,48,1622.50,2025-07-23
CUST-0499,User0499,Test0499,user0499@example.com,+91-9000000499,39,Delhi,Delhi,Wayne Enterprises,Enterprise,Inactive,49,1623.75,2025-08-24
CUST-0500,User0500,Test0500,user0500@example.com,+91-9000000500,40,Bengaluru,Karnataka,Acme Corp,Individual,Pending,0,1625.00,2025-09-25
CUST-0501,User0501,Test0501,user0501@example.com,+91-9000000501,41,Jaipur,Rajasthan,Globex,Business,Active,1,1626.25,2025-10-26
CUST-0502,User0502,Test0502,user0502@example.com,+91-9000000502,42,Chennai,Tamil Nadu,Initech,Enterprise,Inactive,2,1627.50,2025-11-27
CUST-0503,User0503,Test0503,user0503@example.com,+91-9000000503,43,Hyderabad,Telangana,Stark Industries,Individual,Pending,3,1628.75,2025-12-28
CUST-0504,User0504,Test0504,user0504@example.com,+91-9000000504,44,Mumbai,Maharashtra,Wayne Enterprises,Business,Active,4,1630.00,2025-01-01
CUST-0505,User0505,Test0505,user0505@example.com,+91-9000000505,45,Pune,Delhi,Acme Corp,Enterprise,Inactive,5,1631.25,2025-02-02
CUST-0506,User0506,Test0506,user0506@example.com,+91-9000000506,46,Delhi,Karnataka,Globex,Individual,Pending,6,1632.50,2025-03-03
CUST-0507,User0507,Test0507,user0507@example.com,+91-9000000507,47,Bengaluru,Rajasthan,Initech,Business,Active,7,1633.75,2025-04-04
CUST-0508,User0508,Test0508,user0508@example.com,+91-9000000508,48,Jaipur,Tamil Nadu,Stark Industries,Enterprise,Inactive,8,1635.00,2025-05-05
CUST-0509,User0509,Test0509,user0509@example.com,+91-9000000509,49,Chennai,Telangana,Wayne Enterprises,Individual,Pending,9,1636.25,2025-06-06
CUST-0510,User0510,Test0510,user0510@example.com,+91-9000000510,50,Hyderabad,Maharashtra,Acme Corp,Business,Active,10,1637.50,2025-07-07
CUST-0511,User0511,Test0511,user0511@example.com,+91-9000000511,51,Mumbai,Delhi,Globex,Enterprise,Inactive,11,1638.75,2025-08-08
CUST-0512,User0512,Test0512,user0512@example.com,+91-9000000512,52,Pune,Karnataka,Initech,Individual,Pending,12,1640.00,2025-09-09
CUST-0513,User0513,Test0513,user0513@example.com,+91-9000000513,53,Delhi,Rajasthan,Stark Industries,Business,Active,13,1641.25,2025-10-10
CUST-0514,User0514,Test0514,user0514@example.com,+91-9000000514,54,Bengaluru,Tamil Nadu,Wayne Enterprises,Enterprise,Inactive,14,1642.50,2025-11-11
CUST-0515,User0515,Test0515,user0515@example.com,+91-9000000515,55,Jaipur,Telangana,Acme Corp,Individual,Pending,15,1643.75,2025-12-12
CUST-0516,User0516,Test0516,user0516@example.com,+91-9000000516,56,Chennai,Maharashtra,Globex,Business,Active,16,1645.00,2025-01-13
CUST-0517,User0517,Test0517,user0517@example.com,+91-9000000517,57,Hyderabad,Delhi,Initech,Enterprise,Inactive,17,1646.25,2025-02-14
CUST-0518,User0518,Test0518,user0518@example.com,+91-9000000518,58,Mumbai,Karnataka,Stark Industries,Individual,Pending,18,1647.50,2025-03-15
CUST-0519,User0519,Test0519,user0519@example.com,+91-9000000519,59,Pune,Rajasthan,Wayne Enterprises,Business,Active,19,1648.75,2025-04-16
CUST-0520,User0520,Test0520,user0520@example.com,+91-9000000520,20,Delhi,Tamil Nadu,Acme Corp,Enterprise,Inactive,20,1650.00,2025-05-17
CUST-0521,User0521,Test0521,user0521@example.com,+91-9000000521,21,Bengaluru,Telangana,Globex,Individual,Pending,21,1651.25,2025-06-18
CUST-0522,User0522,Test0522,user0522@example.com,+91-9000000522,22,Jaipur,Maharashtra,Initech,Business,Active,22,1652.50,2025-07-19
CUST-0523,User0523,Test0523,user0523@example.com,+91-9000000523,23,Chennai,Delhi,Stark Industries,Enterprise,Inactive,23,1653.75,2025-08-20
CUST-0524,User0524,Test0524,user0524@example.com,+91-9000000524,24,Hyderabad,Karnataka,Wayne Enterprises,Individual,Pending,24,1655.00,2025-09-21
CUST-0525,User0525,Test0525,user0525@example.com,+91-9000000525,25,Mumbai,Rajasthan,Acme Corp,Business,Active,25,1656.25,2025-10-22
CUST-0526,User0526,Test0526,user0526@example.com,+91-9000000526,26,Pune,Tamil Nadu,Globex,Enterprise,Inactive,26,1657.50,2025-11-23
CUST-0527,User0527,Test0527,user0527@example.com,+91-9000000527,27,Delhi,Telangana,Initech,Individual,Pending,27,1658.75,2025-12-24
CUST-0528,User0528,Test0528,user0528@example.com,+91-9000000528,28,Bengaluru,Maharashtra,Stark Industries,Business,Active,28,1660.00,2025-01-25
CUST-0529,User0529,Test0529,user0529@example.com,+91-9000000529,29,Jaipur,Delhi,Wayne Enterprises,Enterprise,Inactive,29,1661.25,2025-02-26
CUST-0530,User0530,Test0530,user0530@example.com,+91-9000000530,30,Chennai,Karnataka,Acme Corp,Individual,Pending,30,1662.50,2025-03-27
CUST-0531,User0531,Test0531,user0531@example.com,+91-9000000531,31,Hyderabad,Rajasthan,Globex,Business,Active,31,1663.75,2025-04-28
CUST-0532,User0532,Test0532,user0532@example.com,+91-9000000532,32,Mumbai,Tamil Nadu,Initech,Enterprise,Inactive,32,1665.00,2025-05-01
CUST-0533,User0533,Test0533,user0533@example.com,+91-9000000533,33,Pune,Telangana,Stark Industries,Individual,Pending,33,1666.25,2025-06-02
CUST-0534,User0534,Test0534,user0534@example.com,+91-9000000534,34,Delhi,Maharashtra,Wayne Enterprises,Business,Active,34,1667.50,2025-07-03
CUST-0535,User0535,Test0535,user0535@example.com,+91-9000000535,35,Bengaluru,Delhi,Acme Corp,Enterprise,Inactive,35,1668.75,2025-08-04
CUST-0536,User0536,Test0536,user0536@example.com,+91-9000000536,36,Jaipur,Karnataka,Globex,Individual,Pending,36,1670.00,2025-09-05
CUST-0537,User0537,Test0537,user0537@example.com,+91-9000000537,37,Chennai,Rajasthan,Initech,Business,Active,37,1671.25,2025-10-06
CUST-0538,User0538,Test0538,user0538@example.com,+91-9000000538,38,Hyderabad,Tamil Nadu,Stark Industries,Enterprise,Inactive,38,1672.50,2025-11-07
CUST-0539,User0539,Test0539,user0539@example.com,+91-9000000539,39,Mumbai,Telangana,Wayne Enterprises,Individual,Pending,39,1673.75,2025-12-08
CUST-0540,User0540,Test0540,user0540@example.com,+91-9000000540,40,Pune,Maharashtra,Acme Corp,Business,Active,40,1675.00,2025-01-09
CUST-0541,User0541,Test0541,user0541@example.com,+91-9000000541,41,Delhi,Delhi,Globex,Enterprise,Inactive,41,1676.25,2025-02-10
CUST-0542,User0542,Test0542,user0542@example.com,+91-9000000542,42,Bengaluru,Karnataka,Initech,Individual,Pending,42,1677.50,2025-03-11
CUST-0543,User0543,Test0543,user0543@example.com,+91-9000000543,43,Jaipur,Rajasthan,Stark Industries,Business,Active,43,1678.75,2025-04-12
CUST-0544,User0544,Test0544,user0544@example.com,+91-9000000544,44,Chennai,Tamil Nadu,Wayne Enterprises,Enterprise,Inactive,44,1680.00,2025-05-13
CUST-0545,User0545,Test0545,user0545@example.com,+91-9000000545,45,Hyderabad,Telangana,Acme Corp,Individual,Pending,45,1681.25,2025-06-14
CUST-0546,User0546,Test0546,user0546@example.com,+91-9000000546,46,Mumbai,Maharashtra,Globex,Business,Active,46,1682.50,2025-07-15
CUST-0547,User0547,Test0547,user0547@example.com,+91-9000000547,47,Pune,Delhi,Initech,Enterprise,Inactive,47,1683.75,2025-08-16
CUST-0548,User0548,Test0548,user0548@example.com,+91-9000000548,48,Delhi,Karnataka,Stark Industries,Individual,Pending,48,1685.00,2025-09-17
CUST-0549,User0549,Test0549,user0549@example.com,+91-9000000549,49,Bengaluru,Rajasthan,Wayne Enterprises,Business,Active,49,1686.25,2025-10-18
CUST-0550,User0550,Test0550,user0550@example.com,+91-9000000550,50,Jaipur,Tamil Nadu,Acme Corp,Enterprise,Inactive,0,1687.50,2025-11-19
CUST-0551,User0551,Test0551,user0551@example.com,+91-9000000551,51,Chennai,Telangana,Globex,Individual,Pending,1,1688.75,2025-12-20
CUST-0552,User0552,Test0552,user0552@example.com,+91-9000000552,52,Hyderabad,Maharashtra,Initech,Business,Active,2,1690.00,2025-01-21
CUST-0553,User0553,Test0553,user0553@example.com,+91-9000000553,53,Mumbai,Delhi,Stark Industries,Enterprise,Inactive,3,1691.25,2025-02-22
CUST-0554,User0554,Test0554,user0554@example.com,+91-9000000554,54,Pune,Karnataka,Wayne Enterprises,Individual,Pending,4,1692.50,2025-03-23
CUST-0555,User0555,Test0555,user0555@example.com,+91-9000000555,55,Delhi,Rajasthan,Acme Corp,Business,Active,5,1693.75,2025-04-24
CUST-0556,User0556,Test0556,user0556@example.com,+91-9000000556,56,Bengaluru,Tamil Nadu,Globex,Enterprise,Inactive,6,1695.00,2025-05-25
CUST-0557,User0557,Test0557,user0557@example.com,+91-9000000557,57,Jaipur,Telangana,Initech,Individual,Pending,7,1696.25,2025-06-26
CUST-0558,User0558,Test0558,user0558@example.com,+91-9000000558,58,Chennai,Maharashtra,Stark Industries,Business,Active,8,1697.50,2025-07-27
CUST-0559,User0559,Test0559,user0559@example.com,+91-9000000559,59,Hyderabad,Delhi,Wayne Enterprises,Enterprise,Inactive,9,1698.75,2025-08-28
CUST-0560,User0560,Test0560,user0560@example.com,+91-9000000560,20,Mumbai,Karnataka,Acme Corp,Individual,Pending,10,1700.00,2025-09-01
CUST-0561,User0561,Test0561,user0561@example.com,+91-9000000561,21,Pune,Rajasthan,Globex,Business,Active,11,1701.25,2025-10-02
CUST-0562,User0562,Test0562,user0562@example.com,+91-9000000562,22,Delhi,Tamil Nadu,Initech,Enterprise,Inactive,12,1702.50,2025-11-03
CUST-0563,User0563,Test0563,user0563@example.com,+91-9000000563,23,Bengaluru,Telangana,Stark Industries,Individual,Pending,13,1703.75,2025-12-04
CUST-0564,User0564,Test0564,user0564@example.com,+91-9000000564,24,Jaipur,Maharashtra,Wayne Enterprises,Business,Active,14,1705.00,2025-01-05
CUST-0565,User0565,Test0565,user0565@example.com,+91-9000000565,25,Chennai,Delhi,Acme Corp,Enterprise,Inactive,15,1706.25,2025-02-06
CUST-0566,User0566,Test0566,user0566@example.com,+91-9000000566,26,Hyderabad,Karnataka,Globex,Individual,Pending,16,1707.50,2025-03-07
CUST-0567,User0567,Test0567,user0567@example.com,+91-9000000567,27,Mumbai,Rajasthan,Initech,Business,Active,17,1708.75,2025-04-08
CUST-0568,User0568,Test0568,user0568@example.com,+91-9000000568,28,Pune,Tamil Nadu,Stark Industries,Enterprise,Inactive,18,1710.00,2025-05-09
CUST-0569,User0569,Test0569,user0569@example.com,+91-9000000569,29,Delhi,Telangana,Wayne Enterprises,Individual,Pending,19,1711.25,2025-06-10
CUST-0570,User0570,Test0570,user0570@example.com,+91-9000000570,30,Bengaluru,Maharashtra,Acme Corp,Business,Active,20,1712.50,2025-07-11
CUST-0571,User0571,Test0571,user0571@example.com,+91-9000000571,31,Jaipur,Delhi,Globex,Enterprise,Inactive,21,1713.75,2025-08-12
CUST-0572,User0572,Test0572,user0572@example.com,+91-9000000572,32,Chennai,Karnataka,Initech,Individual,Pending,22,1715.00,2025-09-13
CUST-0573,User0573,Test0573,user0573@example.com,+91-9000000573,33,Hyderabad,Rajasthan,Stark Industries,Business,Active,23,1716.25,2025-10-14
CUST-0574,User0574,Test0574,user0574@example.com,+91-9000000574,34,Mumbai,Tamil Nadu,Wayne Enterprises,Enterprise,Inactive,24,1717.50,2025-11-15
CUST-0575,User0575,Test0575,user0575@example.com,+91-9000000575,35,Pune,Telangana,Acme Corp,Individual,Pending,25,1718.75,2025-12-16
CUST-0576,User0576,Test0576,user0576@example.com,+91-9000000576,36,Delhi,Maharashtra,Globex,Business,Active,26,1720.00,2025-01-17
CUST-0577,User0577,Test0577,user0577@example.com,+91-9000000577,37,Bengaluru,Delhi,Initech,Enterprise,Inactive,27,1721.25,2025-02-18
CUST-0578,User0578,Test0578,user0578@example.com,+91-9000000578,38,Jaipur,Karnataka,Stark Industries,Individual,Pending,28,1722.50,2025-03-19
CUST-0579,User0579,Test0579,user0579@example.com,+91-9000000579,39,Chennai,Rajasthan,Wayne Enterprises,Business,Active,29,1723.75,2025-04-20
CUST-0580,User0580,Test0580,user0580@example.com,+91-9000000580,40,Hyderabad,Tamil Nadu,Acme Corp,Enterprise,Inactive,30,1725.00,2025-05-21
CUST-0581,User0581,Test0581,user0581@example.com,+91-9000000581,41,Mumbai,Telangana,Globex,Individual,Pending,31,1726.25,2025-06-22
CUST-0582,User0582,Test0582,user0582@example.com,+91-9000000582,42,Pune,Maharashtra,Initech,Business,Active,32,1727.50,2025-07-23
CUST-0583,User0583,Test0583,user0583@example.com,+91-9000000583,43,Delhi,Delhi,Stark Industries,Enterprise,Inactive,33,1728.75,2025-08-24
CUST-0584,User0584,Test0584,user0584@example.com,+91-9000000584,44,Bengaluru,Karnataka,Wayne Enterprises,Individual,Pending,34,1730.00,2025-09-25
CUST-0585,User0585,Test0585,user0585@example.com,+91-9000000585,45,Jaipur,Rajasthan,Acme Corp,Business,Active,35,1731.25,2025-10-26
CUST-0586,User0586,Test0586,user0586@example.com,+91-9000000586,46,Chennai,Tamil Nadu,Globex,Enterprise,Inactive,36,1732.50,2025-11-27
CUST-0587,User0587,Test0587,user0587@example.com,+91-9000000587,47,Hyderabad,Telangana,Initech,Individual,Pending,37,1733.75,2025-12-28
CUST-0588,User0588,Test0588,user0588@example.com,+91-9000000588,48,Mumbai,Maharashtra,Stark Industries,Business,Active,38,1735.00,2025-01-01
CUST-0589,User0589,Test0589,user0589@example.com,+91-9000000589,49,Pune,Delhi,Wayne Enterprises,Enterprise,Inactive,39,1736.25,2025-02-02
CUST-0590,User0590,Test0590,user0590@example.com,+91-9000000590,50,Delhi,Karnataka,Acme Corp,Individual,Pending,40,1737.50,2025-03-03
CUST-0591,User0591,Test0591,user0591@example.com,+91-9000000591,51,Bengaluru,Rajasthan,Globex,Business,Active,41,1738.75,2025-04-04
CUST-0592,User0592,Test0592,user0592@example.com,+91-9000000592,52,Jaipur,Tamil Nadu,Initech,Enterprise,Inactive,42,1740.00,2025-05-05
CUST-0593,User0593,Test0593,user0593@example.com,+91-9000000593,53,Chennai,Telangana,Stark Industries,Individual,Pending,43,1741.25,2025-06-06
CUST-0594,User0594,Test0594,user0594@example.com,+91-9000000594,54,Hyderabad,Maharashtra,Wayne Enterprises,Business,Active,44,1742.50,2025-07-07
CUST-0595,User0595,Test0595,user0595@example.com,+91-9000000595,55,Mumbai,Delhi,Acme Corp,Enterprise,Inactive,45,1743.75,2025-08-08
CUST-0596,User0596,Test0596,user0596@example.com,+91-9000000596,56,Pune,Karnataka,Globex,Individual,Pending,46,1745.00,2025-09-09
CUST-0597,User0597,Test0597,user0597@example.com,+91-9000000597,57,Delhi,Rajasthan,Initech,Business,Active,47,1746.25,2025-10-10
CUST-0598,User0598,Test0598,user0598@example.com,+91-9000000598,58,Bengaluru,Tamil Nadu,Stark Industries,Enterprise,Inactive,48,1747.50,2025-11-11
CUST-0599,User0599,Test0599,user0599@example.com,+91-9000000599,59,Jaipur,Telangana,Wayne Enterprises,Individual,Pending,49,1748.75,2025-12-12
CUST-0600,User0600,Test0600,user0600@example.com,+91-9000000600,20,Chennai,Maharashtra,Acme Corp,Business,Active,0,1750.00,2025-01-13
CUST-0601,User0601,Test0601,user0601@example.com,+91-9000000601,21,Hyderabad,Delhi,Globex,Enterprise,Inactive,1,1751.25,2025-02-14
CUST-0602,User0602,Test0602,user0602@example.com,+91-9000000602,22,Mumbai,Karnataka,Initech,Individual,Pending,2,1752.50,2025-03-15
CUST-0603,User0603,Test0603,user0603@example.com,+91-9000000603,23,Pune,Rajasthan,Stark Industries,Business,Active,3,1753.75,2025-04-16
CUST-0604,User0604,Test0604,user0604@example.com,+91-9000000604,24,Delhi,Tamil Nadu,Wayne Enterprises,Enterprise,Inactive,4,1755.00,2025-05-17
CUST-0605,User0605,Test0605,user0605@example.com,+91-9000000605,25,Bengaluru,Telangana,Acme Corp,Individual,Pending,5,1756.25,2025-06-18
CUST-0606,User0606,Test0606,user0606@example.com,+91-9000000606,26,Jaipur,Maharashtra,Globex,Business,Active,6,1757.50,2025-07-19
CUST-0607,User0607,Test0607,user0607@example.com,+91-9000000607,27,Chennai,Delhi,Initech,Enterprise,Inactive,7,1758.75,2025-08-20
CUST-0608,User0608,Test0608,user0608@example.com,+91-9000000608,28,Hyderabad,Karnataka,Stark Industries,Individual,Pending,8,1760.00,2025-09-21
CUST-0609,User0609,Test0609,user0609@example.com,+91-9000000609,29,Mumbai,Rajasthan,Wayne Enterprises,Business,Active,9,1761.25,2025-10-22
CUST-0610,User0610,Test0610,user0610@example.com,+91-9000000610,30,Pune,Tamil Nadu,Acme Corp,Enterprise,Inactive,10,1762.50,2025-11-23
CUST-0611,User0611,Test0611,user0611@example.com,+91-9000000611,31,Delhi,Telangana,Globex,Individual,Pending,11,1763.75,2025-12-24
CUST-0612,User0612,Test0612,user0612@example.com,+91-9000000612,32,Bengaluru,Maharashtra,Initech,Business,Active,12,1765.00,2025-01-25
CUST-0613,User0613,Test0613,user0613@example.com,+91-9000000613,33,Jaipur,Delhi,Stark Industries,Enterprise,Inactive,13,1766.25,2025-02-26
CUST-0614,User0614,Test0614,user0614@example.com,+91-9000000614,34,Chennai,Karnataka,Wayne Enterprises,Individual,Pending,14,1767.50,2025-03-27
CUST-0615,User0615,Test0615,user0615@example.com,+91-9000000615,35,Hyderabad,Rajasthan,Acme Corp,Business,Active,15,1768.75,2025-04-28
CUST-0616,User0616,Test0616,user0616@example.com,+91-9000000616,36,Mumbai,Tamil Nadu,Globex,Enterprise,Inactive,16,1770.00,2025-05-01
CUST-0617,User0617,Test0617,user0617@example.com,+91-9000000617,37,Pune,Telangana,Initech,Individual,Pending,17,1771.25,2025-06-02
CUST-0618,User0618,Test0618,user0618@example.com,+91-9000000618,38,Delhi,Maharashtra,Stark Industries,Business,Active,18,1772.50,2025-07-03
CUST-0619,User0619,Test0619,user0619@example.com,+91-9000000619,39,Bengaluru,Delhi,Wayne Enterprises,Enterprise,Inactive,19,1773.75,2025-08-04
CUST-0620,User0620,Test0620,user0620@example.com,+91-9000000620,40,Jaipur,Karnataka,Acme Corp,Individual,Pending,20,1775.00,2025-09-05
CUST-0621,User0621,Test0621,user0621@example.com,+91-9000000621,41,Chennai,Rajasthan,Globex,Business,Active,21,1776.25,2025-10-06
CUST-0622,User0622,Test0622,user0622@example.com,+91-9000000622,42,Hyderabad,Tamil Nadu,Initech,Enterprise,Inactive,22,1777.50,2025-11-07
CUST-0623,User0623,Test0623,user0623@example.com,+91-9000000623,43,Mumbai,Telangana,Stark Industries,Individual,Pending,23,1778.75,2025-12-08
CUST-0624,User0624,Test0624,user0624@example.com,+91-9000000624,44,Pune,Maharashtra,Wayne Enterprises,Business,Active,24,1780.00,2025-01-09
CUST-0625,User0625,Test0625,user0625@example.com,+91-9000000625,45,Delhi,Delhi,Acme Corp,Enterprise,Inactive,25,1781.25,2025-02-10
CUST-0626,User0626,Test0626,user0626@example.com,+91-9000000626,46,Bengaluru,Karnataka,Globex,Individual,Pending,26,1782.50,2025-03-11
CUST-0627,User0627,Test0627,user0627@example.com,+91-9000000627,47,Jaipur,Rajasthan,Initech,Business,Active,27,1783.75,2025-04-12
CUST-0628,User0628,Test0628,user0628@example.com,+91-9000000628,48,Chennai,Tamil Nadu,Stark Industries,Enterprise,Inactive,28,1785.00,2025-05-13
CUST-0629,User0629,Test0629,user0629@example.com,+91-9000000629,49,Hyderabad,Telangana,Wayne Enterprises,Individual,Pending,29,1786.25,2025-06-14
CUST-0630,User0630,Test0630,user0630@example.com,+91-9000000630,50,Mumbai,Maharashtra,Acme Corp,Business,Active,30,1787.50,2025-07-15
CUST-0631,User0631,Test0631,user0631@example.com,+91-9000000631,51,Pune,Delhi,Globex,Enterprise,Inactive,31,1788.75,2025-08-16
CUST-0632,User0632,Test0632,user0632@example.com,+91-9000000632,52,Delhi,Karnataka,Initech,Individual,Pending,32,1790.00,2025-09-17
CUST-0633,User0633,Test0633,user0633@example.com,+91-9000000633,53,Bengaluru,Rajasthan,Stark Industries,Business,Active,33,1791.25,2025-10-18
CUST-0634,User0634,Test0634,user0634@example.com,+91-9000000634,54,Jaipur,Tamil Nadu,Wayne Enterprises,Enterprise,Inactive,34,1792.50,2025-11-19
CUST-0635,User0635,Test0635,user0635@example.com,+91-9000000635,55,Chennai,Telangana,Acme Corp,Individual,Pending,35,1793.75,2025-12-20
CUST-0636,User0636,Test0636,user0636@example.com,+91-9000000636,56,Hyderabad,Maharashtra,Globex,Business,Active,36,1795.00,2025-01-21
CUST-0637,User0637,Test0637,user0637@example.com,+91-9000000637,57,Mumbai,Delhi,Initech,Enterprise,Inactive,37,1796.25,2025-02-22
CUST-0638,User0638,Test0638,user0638@example.com,+91-9000000638,58,Pune,Karnataka,Stark Industries,Individual,Pending,38,1797.50,2025-03-23
CUST-0639,User0639,Test0639,user0639@example.com,+91-9000000639,59,Delhi,Rajasthan,Wayne Enterprises,Business,Active,39,1798.75,2025-04-24
CUST-0640,User0640,Test0640,user0640@example.com,+91-9000000640,20,Bengaluru,Tamil Nadu,Acme Corp,Enterprise,Inactive,40,1800.00,2025-05-25
CUST-0641,User0641,Test0641,user0641@example.com,+91-9000000641,21,Jaipur,Telangana,Globex,Individual,Pending,41,1801.25,2025-06-26
CUST-0642,User0642,Test0642,user0642@example.com,+91-9000000642,22,Chennai,Maharashtra,Initech,Business,Active,42,1802.50,2025-07-27
CUST-0643,User0643,Test0643,user0643@example.com,+91-9000000643,23,Hyderabad,Delhi,Stark Industries,Enterprise,Inactive,43,1803.75,2025-08-28
CUST-0644,User0644,Test0644,user0644@example.com,+91-9000000644,24,Mumbai,Karnataka,Wayne Enterprises,Individual,Pending,44,1805.00,2025-09-01
CUST-0645,User0645,Test0645,user0645@example.com,+91-9000000645,25,Pune,Rajasthan,Acme Corp,Business,Active,45,1806.25,2025-10-02
CUST-0646,User0646,Test0646,user0646@example.com,+91-9000000646,26,Delhi,Tamil Nadu,Globex,Enterprise,Inactive,46,1807.50,2025-11-03
CUST-0647,User0647,Test0647,user0647@example.com,+91-9000000647,27,Bengaluru,Telangana,Initech,Individual,Pending,47,1808.75,2025-12-04
CUST-0648,User0648,Test0648,user0648@example.com,+91-9000000648,28,Jaipur,Maharashtra,Stark Industries,Business,Active,48,1810.00,2025-01-05
CUST-0649,User0649,Test0649,user0649@example.com,+91-9000000649,29,Chennai,Delhi,Wayne Enterprises,Enterprise,Inactive,49,1811.25,2025-02-06
CUST-0650,User0650,Test0650,user0650@example.com,+91-9000000650,30,Hyderabad,Karnataka,Acme Corp,Individual,Pending,0,1812.50,2025-03-07
CUST-0651,User0651,Test0651,user0651@example.com,+91-9000000651,31,Mumbai,Rajasthan,Globex,Business,Active,1,1813.75,2025-04-08
CUST-0652,User0652,Test0652,user0652@example.com,+91-9000000652,32,Pune,Tamil Nadu,Initech,Enterprise,Inactive,2,1815.00,2025-05-09
CUST-0653,User0653,Test0653,user0653@example.com,+91-9000000653,33,Delhi,Telangana,Stark Industries,Individual,Pending,3,1816.25,2025-06-10
CUST-0654,User0654,Test0654,user0654@example.com,+91-9000000654,34,Bengaluru,Maharashtra,Wayne Enterprises,Business,Active,4,1817.50,2025-07-11
CUST-0655,User0655,Test0655,user0655@example.com,+91-9000000655,35,Jaipur,Delhi,Acme Corp,Enterprise,Inactive,5,1818.75,2025-08-12
CUST-0656,User0656,Test0656,user0656@example.com,+91-9000000656,36,Chennai,Karnataka,Globex,Individual,Pending,6,1820.00,2025-09-13
CUST-0657,User0657,Test0657,user0657@example.com,+91-9000000657,37,Hyderabad,Rajasthan,Initech,Business,Active,7,1821.25,2025-10-14
CUST-0658,User0658,Test0658,user0658@example.com,+91-9000000658,38,Mumbai,Tamil Nadu,Stark Industries,Enterprise,Inactive,8,1822.50,2025-11-15
CUST-0659,User0659,Test0659,user0659@example.com,+91-9000000659,39,Pune,Telangana,Wayne Enterprises,Individual,Pending,9,1823.75,2025-12-16
CUST-0660,User0660,Test0660,user0660@example.com,+91-9000000660,40,Delhi,Maharashtra,Acme Corp,Business,Active,10,1825.00,2025-01-17
CUST-0661,User0661,Test0661,user0661@example.com,+91-9000000661,41,Bengaluru,Delhi,Globex,Enterprise,Inactive,11,1826.25,2025-02-18
CUST-0662,User0662,Test0662,user0662@example.com,+91-9000000662,42,Jaipur,Karnataka,Initech,Individual,Pending,12,1827.50,2025-03-19
CUST-0663,User0663,Test0663,user0663@example.com,+91-9000000663,43,Chennai,Rajasthan,Stark Industries,Business,Active,13,1828.75,2025-04-20
CUST-0664,User0664,Test0664,user0664@example.com,+91-9000000664,44,Hyderabad,Tamil Nadu,Wayne Enterprises,Enterprise,Inactive,14,1830.00,2025-05-21
CUST-0665,User0665,Test0665,user0665@example.com,+91-9000000665,45,Mumbai,Telangana,Acme Corp,Individual,Pending,15,1831.25,2025-06-22
CUST-0666,User0666,Test0666,user0666@example.com,+91-9000000666,46,Pune,Maharashtra,Globex,Business,Active,16,1832.50,2025-07-23
CUST-0667,User0667,Test0667,user0667@example.com,+91-9000000667,47,Delhi,Delhi,Initech,Enterprise,Inactive,17,1833.75,2025-08-24
CUST-0668,User0668,Test0668,user0668@example.com,+91-9000000668,48,Bengaluru,Karnataka,Stark Industries,Individual,Pending,18,1835.00,2025-09-25
CUST-0669,User0669,Test0669,user0669@example.com,+91-9000000669,49,Jaipur,Rajasthan,Wayne Enterprises,Business,Active,19,1836.25,2025-10-26
CUST-0670,User0670,Test0670,user0670@example.com,+91-9000000670,50,Chennai,Tamil Nadu,Acme Corp,Enterprise,Inactive,20,1837.50,2025-11-27
CUST-0671,User0671,Test0671,user0671@example.com,+91-9000000671,51,Hyderabad,Telangana,Globex,Individual,Pending,21,1838.75,2025-12-28
CUST-0672,User0672,Test0672,user0672@example.com,+91-9000000672,52,Mumbai,Maharashtra,Initech,Business,Active,22,1840.00,2025-01-01
CUST-0673,User0673,Test0673,user0673@example.com,+91-9000000673,53,Pune,Delhi,Stark Industries,Enterprise,Inactive,23,1841.25,2025-02-02
CUST-0674,User0674,Test0674,user0674@example.com,+91-9000000674,54,Delhi,Karnataka,Wayne Enterprises,Individual,Pending,24,1842.50,2025-03-03
CUST-0675,User0675,Test0675,user0675@example.com,+91-9000000675,55,Bengaluru,Rajasthan,Acme Corp,Business,Active,25,1843.75,2025-04-04
CUST-0676,User0676,Test0676,user0676@example.com,+91-9000000676,56,Jaipur,Tamil Nadu,Globex,Enterprise,Inactive,26,1845.00,2025-05-05
CUST-0677,User0677,Test0677,user0677@example.com,+91-9000000677,57,Chennai,Telangana,Initech,Individual,Pending,27,1846.25,2025-06-06
CUST-0678,User0678,Test0678,user0678@example.com,+91-9000000678,58,Hyderabad,Maharashtra,Stark Industries,Business,Active,28,1847.50,2025-07-07
CUST-0679,User0679,Test0679,user0679@example.com,+91-9000000679,59,Mumbai,Delhi,Wayne Enterprises,Enterprise,Inactive,29,1848.75,2025-08-08
CUST-0680,User0680,Test0680,user0680@example.com,+91-9000000680,20,Pune,Karnataka,Acme Corp,Individual,Pending,30,1850.00,2025-09-09
CUST-0681,User0681,Test0681,user0681@example.com,+91-9000000681,21,Delhi,Rajasthan,Globex,Business,Active,31,1851.25,2025-10-10
CUST-0682,User0682,Test0682,user0682@example.com,+91-9000000682,22,Bengaluru,Tamil Nadu,Initech,Enterprise,Inactive,32,1852.50,2025-11-11
CUST-0683,User0683,Test0683,user0683@example.com,+91-9000000683,23,Jaipur,Telangana,Stark Industries,Individual,Pending,33,1853.75,2025-12-12
CUST-0684,User0684,Test0684,user0684@example.com,+91-9000000684,24,Chennai,Maharashtra,Wayne Enterprises,Business,Active,34,1855.00,2025-01-13
CUST-0685,User0685,Test0685,user0685@example.com,+91-9000000685,25,Hyderabad,Delhi,Acme Corp,Enterprise,Inactive,35,1856.25,2025-02-14
CUST-0686,User0686,Test0686,user0686@example.com,+91-9000000686,26,Mumbai,Karnataka,Globex,Individual,Pending,36,1857.50,2025-03-15
CUST-0687,User0687,Test0687,user0687@example.com,+91-9000000687,27,Pune,Rajasthan,Initech,Business,Active,37,1858.75,2025-04-16
CUST-0688,User0688,Test0688,user0688@example.com,+91-9000000688,28,Delhi,Tamil Nadu,Stark Industries,Enterprise,Inactive,38,1860.00,2025-05-17
CUST-0689,User0689,Test0689,user0689@example.com,+91-9000000689,29,Bengaluru,Telangana,Wayne Enterprises,Individual,Pending,39,1861.25,2025-06-18
CUST-0690,User0690,Test0690,user0690@example.com,+91-9000000690,30,Jaipur,Maharashtra,Acme Corp,Business,Active,40,1862.50,2025-07-19
CUST-0691,User0691,Test0691,user0691@example.com,+91-9000000691,31,Chennai,Delhi,Globex,Enterprise,Inactive,41,1863.75,2025-08-20
CUST-0692,User0692,Test0692,user0692@example.com,+91-9000000692,32,Hyderabad,Karnataka,Initech,Individual,Pending,42,1865.00,2025-09-21
CUST-0693,User0693,Test0693,user0693@example.com,+91-9000000693,33,Mumbai,Rajasthan,Stark Industries,Business,Active,43,1866.25,2025-10-22
CUST-0694,User0694,Test0694,user0694@example.com,+91-9000000694,34,Pune,Tamil Nadu,Wayne Enterprises,Enterprise,Inactive,44,1867.50,2025-11-23
CUST-0695,User0695,Test0695,user0695@example.com,+91-9000000695,35,Delhi,Telangana,Acme Corp,Individual,Pending,45,1868.75,2025-12-24
CUST-0696,User0696,Test0696,user0696@example.com,+91-9000000696,36,Bengaluru,Maharashtra,Globex,Business,Active,46,1870.00,2025-01-25
CUST-0697,User0697,Test0697,user0697@example.com,+91-9000000697,37,Jaipur,Delhi,Initech,Enterprise,Inactive,47,1871.25,2025-02-26
CUST-0698,User0698,Test0698,user0698@example.com,+91-9000000698,38,Chennai,Karnataka,Stark Industries,Individual,Pending,48,1872.50,2025-03-27
CUST-0699,User0699,Test0699,user0699@example.com,+91-9000000699,39,Hyderabad,Rajasthan,Wayne Enterprises,Business,Active,49,1873.75,2025-04-28
CUST-0700,User0700,Test0700,user0700@example.com,+91-9000000700,40,Mumbai,Tamil Nadu,Acme Corp,Enterprise,Inactive,0,1875.00,2025-05-01
CUST-0701,User0701,Test0701,user0701@example.com,+91-9000000701,41,Pune,Telangana,Globex,Individual,Pending,1,1876.25,2025-06-02
CUST-0702,User0702,Test0702,user0702@example.com,+91-9000000702,42,Delhi,Maharashtra,Initech,Business,Active,2,1877.50,2025-07-03
CUST-0703,User0703,Test0703,user0703@example.com,+91-9000000703,43,Bengaluru,Delhi,Stark Industries,Enterprise,Inactive,3,1878.75,2025-08-04
CUST-0704,User0704,Test0704,user0704@example.com,+91-9000000704,44,Jaipur,Karnataka,Wayne Enterprises,Individual,Pending,4,1880.00,2025-09-05
CUST-0705,User0705,Test0705,user0705@example.com,+91-9000000705,45,Chennai,Rajasthan,Acme Corp,Business,Active,5,1881.25,2025-10-06
CUST-0706,User0706,Test0706,user0706@example.com,+91-9000000706,46,Hyderabad,Tamil Nadu,Globex,Enterprise,Inactive,6,1882.50,2025-11-07
CUST-0707,User0707,Test0707,user0707@example.com,+91-9000000707,47,Mumbai,Telangana,Initech,Individual,Pending,7,1883.75,2025-12-08
CUST-0708,User0708,Test0708,user0708@example.com,+91-9000000708,48,Pune,Maharashtra,Stark Industries,Business,Active,8,1885.00,2025-01-09
CUST-0709,User0709,Test0709,user0709@example.com,+91-9000000709,49,Delhi,Delhi,Wayne Enterprises,Enterprise,Inactive,9,1886.25,2025-02-10
CUST-0710,User0710,Test0710,user0710@example.com,+91-9000000710,50,Bengaluru,Karnataka,Acme Corp,Individual,Pending,10,1887.50,2025-03-11
CUST-0711,User0711,Test0711,user0711@example.com,+91-9000000711,51,Jaipur,Rajasthan,Globex,Business,Active,11,1888.75,2025-04-12
CUST-0712,User0712,Test0712,user0712@example.com,+91-9000000712,52,Chennai,Tamil Nadu,Initech,Enterprise,Inactive,12,1890.00,2025-05-13
CUST-0713,User0713,Test0713,user0713@example.com,+91-9000000713,53,Hyderabad,Telangana,Stark Industries,Individual,Pending,13,1891.25,2025-06-14
CUST-0714,User0714,Test0714,user0714@example.com,+91-9000000714,54,Mumbai,Maharashtra,Wayne Enterprises,Business,Active,14,1892.50,2025-07-15
CUST-0715,User0715,Test0715,user0715@example.com,+91-9000000715,55,Pune,Delhi,Acme Corp,Enterprise,Inactive,15,1893.75,2025-08-16
CUST-0716,User0716,Test0716,user0716@example.com,+91-9000000716,56,Delhi,Karnataka,Globex,Individual,Pending,16,1895.00,2025-09-17
CUST-0717,User0717,Test0717,user0717@example.com,+91-9000000717,57,Bengaluru,Rajasthan,Initech,Business,Active,17,1896.25,2025-10-18
CUST-0718,User0718,Test0718,user0718@example.com,+91-9000000718,58,Jaipur,Tamil Nadu,Stark Industries,Enterprise,Inactive,18,1897.50,2025-11-19
CUST-0719,User0719,Test0719,user0719@example.com,+91-9000000719,59,Chennai,Telangana,Wayne Enterprises,Individual,Pending,19,1898.75,2025-12-20
CUST-0720,User0720,Test0720,user0720@example.com,+91-9000000720,20,Hyderabad,Maharashtra,Acme Corp,Business,Active,20,1900.00,2025-01-21
CUST-0721,User0721,Test0721,user0721@example.com,+91-9000000721,21,Mumbai,Delhi,Globex,Enterprise,Inactive,21,1901.25,2025-02-22
CUST-0722,User0722,Test0722,user0722@example.com,+91-9000000722,22,Pune,Karnataka,Initech,Individual,Pending,22,1902.50,2025-03-23
CUST-0723,User0723,Test0723,user0723@example.com,+91-9000000723,23,Delhi,Rajasthan,Stark Industries,Business,Active,23,1903.75,2025-04-24
CUST-0724,User0724,Test0724,user0724@example.com,+91-9000000724,24,Bengaluru,Tamil Nadu,Wayne Enterprises,Enterprise,Inactive,24,1905.00,2025-05-25
CUST-0725,User0725,Test0725,user0725@example.com,+91-9000000725,25,Jaipur,Telangana,Acme Corp,Individual,Pending,25,1906.25,2025-06-26
CUST-0726,User0726,Test0726,user0726@example.com,+91-9000000726,26,Chennai,Maharashtra,Globex,Business,Active,26,1907.50,2025-07-27
CUST-0727,User0727,Test0727,user0727@example.com,+91-9000000727,27,Hyderabad,Delhi,Initech,Enterprise,Inactive,27,1908.75,2025-08-28
CUST-0728,User0728,Test0728,user0728@example.com,+91-9000000728,28,Mumbai,Karnataka,Stark Industries,Individual,Pending,28,1910.00,2025-09-01
CUST-0729,User0729,Test0729,user0729@example.com,+91-9000000729,29,Pune,Rajasthan,Wayne Enterprises,Business,Active,29,1911.25,2025-10-02
CUST-0730,User0730,Test0730,user0730@example.com,+91-9000000730,30,Delhi,Tamil Nadu,Acme Corp,Enterprise,Inactive,30,1912.50,2025-11-03
CUST-0731,User0731,Test0731,user0731@example.com,+91-9000000731,31,Bengaluru,Telangana,Globex,Individual,Pending,31,1913.75,2025-12-04
CUST-0732,User0732,Test0732,user0732@example.com,+91-9000000732,32,Jaipur,Maharashtra,Initech,Business,Active,32,1915.00,2025-01-05
CUST-0733,User0733,Test0733,user0733@example.com,+91-9000000733,33,Chennai,Delhi,Stark Industries,Enterprise,Inactive,33,1916.25,2025-02-06
CUST-0734,User0734,Test0734,user0734@example.com,+91-9000000734,34,Hyderabad,Karnataka,Wayne Enterprises,Individual,Pending,34,1917.50,2025-03-07
CUST-0735,User0735,Test0735,user0735@example.com,+91-9000000735,35,Mumbai,Rajasthan,Acme Corp,Business,Active,35,1918.75,2025-04-08
CUST-0736,User0736,Test0736,user0736@example.com,+91-9000000736,36,Pune,Tamil Nadu,Globex,Enterprise,Inactive,36,1920.00,2025-05-09
CUST-0737,User0737,Test0737,user0737@example.com,+91-9000000737,37,Delhi,Telangana,Initech,Individual,Pending,37,1921.25,2025-06-10
CUST-0738,User0738,Test0738,user0738@example.com,+91-9000000738,38,Bengaluru,Maharashtra,Stark Industries,Business,Active,38,1922.50,2025-07-11
CUST-0739,User0739,Test0739,user0739@example.com,+91-9000000739,39,Jaipur,Delhi,Wayne Enterprises,Enterprise,Inactive,39,1923.75,2025-08-12
CUST-0740,User0740,Test0740,user0740@example.com,+91-9000000740,40,Chennai,Karnataka,Acme Corp,Individual,Pending,40,1925.00,2025-09-13
CUST-0741,User0741,Test0741,user0741@example.com,+91-9000000741,41,Hyderabad,Rajasthan,Globex,Business,Active,41,1926.25,2025-10-14
CUST-0742,User0742,Test0742,user0742@example.com,+91-9000000742,42,Mumbai,Tamil Nadu,Initech,Enterprise,Inactive,42,1927.50,2025-11-15
CUST-0743,User0743,Test0743,user0743@example.com,+91-9000000743,43,Pune,Telangana,Stark Industries,Individual,Pending,43,1928.75,2025-12-16
CUST-0744,User0744,Test0744,user0744@example.com,+91-9000000744,44,Delhi,Maharashtra,Wayne Enterprises,Business,Active,44,1930.00,2025-01-17
CUST-0745,User0745,Test0745,user0745@example.com,+91-9000000745,45,Bengaluru,Delhi,Acme Corp,Enterprise,Inactive,45,1931.25,2025-02-18
CUST-0746,User0746,Test0746,user0746@example.com,+91-9000000746,46,Jaipur,Karnataka,Globex,Individual,Pending,46,1932.50,2025-03-19
CUST-0747,User0747,Test0747,user0747@example.com,+91-9000000747,47,Chennai,Rajasthan,Initech,Business,Active,47,1933.75,2025-04-20
CUST-0748,User0748,Test0748,user0748@example.com,+91-9000000748,48,Hyderabad,Tamil Nadu,Stark Industries,Enterprise,Inactive,48,1935.00,2025-05-21
CUST-0749,User0749,Test0749,user0749@example.com,+91-9000000749,49,Mumbai,Telangana,Wayne Enterprises,Individual,Pending,49,1936.25,2025-06-22
CUST-0750,User0750,Test0750,user0750@example.com,+91-9000000750,50,Pune,Maharashtra,Acme Corp,Business,Active,0,1937.50,2025-07-23
CUST-0751,User0751,Test0751,user0751@example.com,+91-9000000751,51,Delhi,Delhi,Globex,Enterprise,Inactive,1,1938.75,2025-08-24
CUST-0752,User0752,Test0752,user0752@example.com,+91-9000000752,52,Bengaluru,Karnataka,Initech,Individual,Pending,2,1940.00,2025-09-25
CUST-0753,User0753,Test0753,user0753@example.com,+91-9000000753,53,Jaipur,Rajasthan,Stark Industries,Business,Active,3,1941.25,2025-10-26
CUST-0754,User0754,Test0754,user0754@example.com,+91-9000000754,54,Chennai,Tamil Nadu,Wayne Enterprises,Enterprise,Inactive,4,1942.50,2025-11-27
CUST-0755,User0755,Test0755,user0755@example.com,+91-9000000755,55,Hyderabad,Telangana,Acme Corp,Individual,Pending,5,1943.75,2025-12-28
CUST-0756,User0756,Test0756,user0756@example.com,+91-9000000756,56,Mumbai,Maharashtra,Globex,Business,Active,6,1945.00,2025-01-01
CUST-0757,User0757,Test0757,user0757@example.com,+91-9000000757,57,Pune,Delhi,Initech,Enterprise,Inactive,7,1946.25,2025-02-02
CUST-0758,User0758,Test0758,user0758@example.com,+91-9000000758,58,Delhi,Karnataka,Stark Industries,Individual,Pending,8,1947.50,2025-03-03
CUST-0759,User0759,Test0759,user0759@example.com,+91-9000000759,59,Bengaluru,Rajasthan,Wayne Enterprises,Business,Active,9,1948.75,2025-04-04
CUST-0760,User0760,Test0760,user0760@example.com,+91-9000000760,20,Jaipur,Tamil Nadu,Acme Corp,Enterprise,Inactive,10,1950.00,2025-05-05
CUST-0761,User0761,Test0761,user0761@example.com,+91-9000000761,21,Chennai,Telangana,Globex,Individual,Pending,11,1951.25,2025-06-06
CUST-0762,User0762,Test0762,user0762@example.com,+91-9000000762,22,Hyderabad,Maharashtra,Initech,Business,Active,12,1952.50,2025-07-07
CUST-0763,User0763,Test0763,user0763@example.com,+91-9000000763,23,Mumbai,Delhi,Stark Industries,Enterprise,Inactive,13,1953.75,2025-08-08
CUST-0764,User0764,Test0764,user0764@example.com,+91-9000000764,24,Pune,Karnataka,Wayne Enterprises,Individual,Pending,14,1955.00,2025-09-09
CUST-0765,User0765,Test0765,user0765@example.com,+91-9000000765,25,Delhi,Rajasthan,Acme Corp,Business,Active,15,1956.25,2025-10-10
CUST-0766,User0766,Test0766,user0766@example.com,+91-9000000766,26,Bengaluru,Tamil Nadu,Globex,Enterprise,Inactive,16,1957.50,2025-11-11
CUST-0767,User0767,Test0767,user0767@example.com,+91-9000000767,27,Jaipur,Telangana,Initech,Individual,Pending,17,1958.75,2025-12-12
CUST-0768,User0768,Test0768,user0768@example.com,+91-9000000768,28,Chennai,Maharashtra,Stark Industries,Business,Active,18,1960.00,2025-01-13
CUST-0769,User0769,Test0769,user0769@example.com,+91-9000000769,29,Hyderabad,Delhi,Wayne Enterprises,Enterprise,Inactive,19,1961.25,2025-02-14
CUST-0770,User0770,Test0770,user0770@example.com,+91-9000000770,30,Mumbai,Karnataka,Acme Corp,Individual,Pending,20,1962.50,2025-03-15
CUST-0771,User0771,Test0771,user0771@example.com,+91-9000000771,31,Pune,Rajasthan,Globex,Business,Active,21,1963.75,2025-04-16
CUST-0772,User0772,Test0772,user0772@example.com,+91-9000000772,32,Delhi,Tamil Nadu,Initech,Enterprise,Inactive,22,1965.00,2025-05-17
CUST-0773,User0773,Test0773,user0773@example.com,+91-9000000773,33,Bengaluru,Telangana,Stark Industries,Individual,Pending,23,1966.25,2025-06-18
CUST-0774,User0774,Test0774,user0774@example.com,+91-9000000774,34,Jaipur,Maharashtra,Wayne Enterprises,Business,Active,24,1967.50,2025-07-19
CUST-0775,User0775,Test0775,user0775@example.com,+91-9000000775,35,Chennai,Delhi,Acme Corp,Enterprise,Inactive,25,1968.75,2025-08-20
CUST-0776,User0776,Test0776,user0776@example.com,+91-9000000776,36,Hyderabad,Karnataka,Globex,Individual,Pending,26,1970.00,2025-09-21
CUST-0777,User0777,Test0777,user0777@example.com,+91-9000000777,37,Mumbai,Rajasthan,Initech,Business,Active,27,1971.25,2025-10-22
CUST-0778,User0778,Test0778,user0778@example.com,+91-9000000778,38,Pune,Tamil Nadu,Stark Industries,Enterprise,Inactive,28,1972.50,2025-11-23
CUST-0779,User0779,Test0779,user0779@example.com,+91-9000000779,39,Delhi,Telangana,Wayne Enterprises,Individual,Pending,29,1973.75,2025-12-24
CUST-0780,User0780,Test0780,user0780@example.com,+91-9000000780,40,Bengaluru,Maharashtra,Acme Corp,Business,Active,30,1975.00,2025-01-25
CUST-0781,User0781,Test0781,user0781@example.com,+91-9000000781,41,Jaipur,Delhi,Globex,Enterprise,Inactive,31,1976.25,2025-02-26
CUST-0782,User0782,Test0782,user0782@example.com,+91-9000000782,42,Chennai,Karnataka,Initech,Individual,Pending,32,1977.50,2025-03-27
CUST-0783,User0783,Test0783,user0783@example.com,+91-9000000783,43,Hyderabad,Rajasthan,Stark Industries,Business,Active,33,1978.75,2025-04-28
CUST-0784,User0784,Test0784,user0784@example.com,+91-9000000784,44,Mumbai,Tamil Nadu,Wayne Enterprises,Enterprise,Inactive,34,1980.00,2025-05-01
CUST-0785,User0785,Test0785,user0785@example.com,+91-9000000785,45,Pune,Telangana,Acme Corp,Individual,Pending,35,1981.25,2025-06-02
CUST-0786,User0786,Test0786,user0786@example.com,+91-9000000786,46,Delhi,Maharashtra,Globex,Business,Active,36,1982.50,2025-07-03
CUST-0787,User0787,Test0787,user0787@example.com,+91-9000000787,47,Bengaluru,Delhi,Initech,Enterprise,Inactive,37,1983.75,2025-08-04
CUST-0788,User0788,Test0788,user0788@example.com,+91-9000000788,48,Jaipur,Karnataka,Stark Industries,Individual,Pending,38,1985.00,2025-09-05
CUST-0789,User0789,Test0789,user0789@example.com,+91-9000000789,49,Chennai,Rajasthan,Wayne Enterprises,Business,Active,39,1986.25,2025-10-06
CUST-0790,User0790,Test0790,user0790@example.com,+91-9000000790,50,Hyderabad,Tamil Nadu,Acme Corp,Enterprise,Inactive,40,1987.50,2025-11-07
CUST-0791,User0791,Test0791,user0791@example.com,+91-9000000791,51,Mumbai,Telangana,Globex,Individual,Pending,41,1988.75,2025-12-08
CUST-0792,User0792,Test0792,user0792@example.com,+91-9000000792,52,Pune,Maharashtra,Initech,Business,Active,42,1990.00,2025-01-09
CUST-0793,User0793,Test0793,user0793@example.com,+91-9000000793,53,Delhi,Delhi,Stark Industries,Enterprise,Inactive,43,1991.25,2025-02-10
CUST-0794,User0794,Test0794,user0794@example.com,+91-9000000794,54,Bengaluru,Karnataka,Wayne Enterprises,Individual,Pending,44,1992.50,2025-03-11
CUST-0795,User0795,Test0795,user0795@example.com,+91-9000000795,55,Jaipur,Rajasthan,Acme Corp,Business,Active,45,1993.75,2025-04-12
CUST-0796,User0796,Test0796,user0796@example.com,+91-9000000796,56,Chennai,Tamil Nadu,Globex,Enterprise,Inactive,46,1995.00,2025-05-13
CUST-0797,User0797,Test0797,user0797@example.com,+91-9000000797,57,Hyderabad,Telangana,Initech,Individual,Pending,47,1996.25,2025-06-14
CUST-0798,User0798,Test0798,user0798@example.com,+91-9000000798,58,Mumbai,Maharashtra,Stark Industries,Business,Active,48,1997.50,2025-07-15
CUST-0799,User0799,Test0799,user0799@example.com,+91-9000000799,59,Pune,Delhi,Wayne Enterprises,Enterprise,Inactive,49,1998.75,2025-08-16
CUST-0800,User0800,Test0800,user0800@example.com,+91-9000000800,20,Delhi,Karnataka,Acme Corp,Individual,Pending,0,2000.00,2025-09-17
CUST-0801,User0801,Test0801,user0801@example.com,+91-9000000801,21,Bengaluru,Rajasthan,Globex,Business,Active,1,2001.25,2025-10-18
CUST-0802,User0802,Test0802,user0802@example.com,+91-9000000802,22,Jaipur,Tamil Nadu,Initech,Enterprise,Inactive,2,2002.50,2025-11-19
CUST-0803,User0803,Test0803,user0803@example.com,+91-9000000803,23,Chennai,Telangana,Stark Industries,Individual,Pending,3,2003.75,2025-12-20
CUST-0804,User0804,Test0804,user0804@example.com,+91-9000000804,24,Hyderabad,Maharashtra,Wayne Enterprises,Business,Active,4,2005.00,2025-01-21
CUST-0805,User0805,Test0805,user0805@example.com,+91-9000000805,25,Mumbai,Delhi,Acme Corp,Enterprise,Inactive,5,2006.25,2025-02-22
CUST-0806,User0806,Test0806,user0806@example.com,+91-9000000806,26,Pune,Karnataka,Globex,Individual,Pending,6,2007.50,2025-03-23
CUST-0807,User0807,Test0807,user0807@example.com,+91-9000000807,27,Delhi,Rajasthan,Initech,Business,Active,7,2008.75,2025-04-24
CUST-0808,User0808,Test0808,user0808@example.com,+91-9000000808,28,Bengaluru,Tamil Nadu,Stark Industries,Enterprise,Inactive,8,2010.00,2025-05-25
CUST-0809,User0809,Test0809,user0809@example.com,+91-9000000809,29,Jaipur,Telangana,Wayne Enterprises,Individual,Pending,9,2011.25,2025-06-26
CUST-0810,User0810,Test0810,user0810@example.com,+91-9000000810,30,Chennai,Maharashtra,Acme Corp,Business,Active,10,2012.50,2025-07-27
CUST-0811,User0811,Test0811,user0811@example.com,+91-9000000811,31,Hyderabad,Delhi,Globex,Enterprise,Inactive,11,2013.75,2025-08-28
CUST-0812,User0812,Test0812,user0812@example.com,+91-9000000812,32,Mumbai,Karnataka,Initech,Individual,Pending,12,2015.00,2025-09-01
CUST-0813,User0813,Test0813,user0813@example.com,+91-9000000813,33,Pune,Rajasthan,Stark Industries,Business,Active,13,2016.25,2025-10-02
CUST-0814,User0814,Test0814,user0814@example.com,+91-9000000814,34,Delhi,Tamil Nadu,Wayne Enterprises,Enterprise,Inactive,14,2017.50,2025-11-03
CUST-0815,User0815,Test0815,user0815@example.com,+91-9000000815,35,Bengaluru,Telangana,Acme Corp,Individual,Pending,15,2018.75,2025-12-04
CUST-0816,User0816,Test0816,user0816@example.com,+91-9000000816,36,Jaipur,Maharashtra,Globex,Business,Active,16,2020.00,2025-01-05
CUST-0817,User0817,Test0817,user0817@example.com,+91-9000000817,37,Chennai,Delhi,Initech,Enterprise,Inactive,17,2021.25,2025-02-06
CUST-0818,User0818,Test0818,user0818@example.com,+91-9000000818,38,Hyderabad,Karnataka,Stark Industries,Individual,Pending,18,2022.50,2025-03-07
CUST-0819,User0819,Test0819,user0819@example.com,+91-9000000819,39,Mumbai,Rajasthan,Wayne Enterprises,Business,Active,19,2023.75,2025-04-08
CUST-0820,User0820,Test0820,user0820@example.com,+91-9000000820,40,Pune,Tamil Nadu,Acme Corp,Enterprise,Inactive,20,2025.00,2025-05-09
CUST-0821,User0821,Test0821,user0821@example.com,+91-9000000821,41,Delhi,Telangana,Globex,Individual,Pending,21,2026.25,2025-06-10
CUST-0822,User0822,Test0822,user0822@example.com,+91-9000000822,42,Bengaluru,Maharashtra,Initech,Business,Active,22,2027.50,2025-07-11
CUST-0823,User0823,Test0823,user0823@example.com,+91-9000000823,43,Jaipur,Delhi,Stark Industries,Enterprise,Inactive,23,2028.75,2025-08-12
CUST-0824,User0824,Test0824,user0824@example.com,+91-9000000824,44,Chennai,Karnataka,Wayne Enterprises,Individual,Pending,24,2030.00,2025-09-13
CUST-0825,User0825,Test0825,user0825@example.com,+91-9000000825,45,Hyderabad,Rajasthan,Acme Corp,Business,Active,25,2031.25,2025-10-14
CUST-0826,User0826,Test0826,user0826@example.com,+91-9000000826,46,Mumbai,Tamil Nadu,Globex,Enterprise,Inactive,26,2032.50,2025-11-15
CUST-0827,User0827,Test0827,user0827@example.com,+91-9000000827,47,Pune,Telangana,Initech,Individual,Pending,27,2033.75,2025-12-16
CUST-0828,User0828,Test0828,user0828@example.com,+91-9000000828,48,Delhi,Maharashtra,Stark Industries,Business,Active,28,2035.00,2025-01-17
CUST-0829,User0829,Test0829,user0829@example.com,+91-9000000829,49,Bengaluru,Delhi,Wayne Enterprises,Enterprise,Inactive,29,2036.25,2025-02-18
CUST-0830,User0830,Test0830,user0830@example.com,+91-9000000830,50,Jaipur,Karnataka,Acme Corp,Individual,Pending,30,2037.50,2025-03-19
CUST-0831,User0831,Test0831,user0831@example.com,+91-9000000831,51,Chennai,Rajasthan,Globex,Business,Active,31,2038.75,2025-04-20
CUST-0832,User0832,Test0832,user0832@example.com,+91-9000000832,52,Hyderabad,Tamil Nadu,Initech,Enterprise,Inactive,32,2040.00,2025-05-21
CUST-0833,User0833,Test0833,user0833@example.com,+91-9000000833,53,Mumbai,Telangana,Stark Industries,Individual,Pending,33,2041.25,2025-06-22
CUST-0834,User0834,Test0834,user0834@example.com,+91-9000000834,54,Pune,Maharashtra,Wayne Enterprises,Business,Active,34,2042.50,2025-07-23
CUST-0835,User0835,Test0835,user0835@example.com,+91-9000000835,55,Delhi,Delhi,Acme Corp,Enterprise,Inactive,35,2043.75,2025-08-24
CUST-0836,User0836,Test0836,user0836@example.com,+91-9000000836,56,Bengaluru,Karnataka,Globex,Individual,Pending,36,2045.00,2025-09-25
CUST-0837,User0837,Test0837,user0837@example.com,+91-9000000837,57,Jaipur,Rajasthan,Initech,Business,Active,37,2046.25,2025-10-26
CUST-0838,User0838,Test0838,user0838@example.com,+91-9000000838,58,Chennai,Tamil Nadu,Stark Industries,Enterprise,Inactive,38,2047.50,2025-11-27
CUST-0839,User0839,Test0839,user0839@example.com,+91-9000000839,59,Hyderabad,Telangana,Wayne Enterprises,Individual,Pending,39,2048.75,2025-12-28
CUST-0840,User0840,Test0840,user0840@example.com,+91-9000000840,20,Mumbai,Maharashtra,Acme Corp,Business,Active,40,2050.00,2025-01-01
CUST-0841,User0841,Test0841,user0841@example.com,+91-9000000841,21,Pune,Delhi,Globex,Enterprise,Inactive,41,2051.25,2025-02-02
CUST-0842,User0842,Test0842,user0842@example.com,+91-9000000842,22,Delhi,Karnataka,Initech,Individual,Pending,42,2052.50,2025-03-03
CUST-0843,User0843,Test0843,user0843@example.com,+91-9000000843,23,Bengaluru,Rajasthan,Stark Industries,Business,Active,43,2053.75,2025-04-04
CUST-0844,User0844,Test0844,user0844@example.com,+91-9000000844,24,Jaipur,Tamil Nadu,Wayne Enterprises,Enterprise,Inactive,44,2055.00,2025-05-05
CUST-0845,User0845,Test0845,user0845@example.com,+91-9000000845,25,Chennai,Telangana,Acme Corp,Individual,Pending,45,2056.25,2025-06-06
CUST-0846,User0846,Test0846,user0846@example.com,+91-9000000846,26,Hyderabad,Maharashtra,Globex,Business,Active,46,2057.50,2025-07-07
CUST-0847,User0847,Test0847,user0847@example.com,+91-9000000847,27,Mumbai,Delhi,Initech,Enterprise,Inactive,47,2058.75,2025-08-08
CUST-0848,User0848,Test0848,user0848@example.com,+91-9000000848,28,Pune,Karnataka,Stark Industries,Individual,Pending,48,2060.00,2025-09-09
CUST-0849,User0849,Test0849,user0849@example.com,+91-9000000849,29,Delhi,Rajasthan,Wayne Enterprises,Business,Active,49,2061.25,2025-10-10
CUST-0850,User0850,Test0850,user0850@example.com,+91-9000000850,30,Bengaluru,Tamil Nadu,Acme Corp,Enterprise,Inactive,0,2062.50,2025-11-11
CUST-0851,User0851,Test0851,user0851@example.com,+91-9000000851,31,Jaipur,Telangana,Globex,Individual,Pending,1,2063.75,2025-12-12
CUST-0852,User0852,Test0852,user0852@example.com,+91-9000000852,32,Chennai,Maharashtra,Initech,Business,Active,2,2065.00,2025-01-13
CUST-0853,User0853,Test0853,user0853@example.com,+91-9000000853,33,Hyderabad,Delhi,Stark Industries,Enterprise,Inactive,3,2066.25,2025-02-14
CUST-0854,User0854,Test0854,user0854@example.com,+91-9000000854,34,Mumbai,Karnataka,Wayne Enterprises,Individual,Pending,4,2067.50,2025-03-15
CUST-0855,User0855,Test0855,user0855@example.com,+91-9000000855,35,Pune,Rajasthan,Acme Corp,Business,Active,5,2068.75,2025-04-16
CUST-0856,User0856,Test0856,user0856@example.com,+91-9000000856,36,Delhi,Tamil Nadu,Globex,Enterprise,Inactive,6,2070.00,2025-05-17
CUST-0857,User0857,Test0857,user0857@example.com,+91-9000000857,37,Bengaluru,Telangana,Initech,Individual,Pending,7,2071.25,2025-06-18
CUST-0858,User0858,Test0858,user0858@example.com,+91-9000000858,38,Jaipur,Maharashtra,Stark Industries,Business,Active,8,2072.50,2025-07-19
CUST-0859,User0859,Test0859,user0859@example.com,+91-9000000859,39,Chennai,Delhi,Wayne Enterprises,Enterprise,Inactive,9,2073.75,2025-08-20
CUST-0860,User0860,Test0860,user0860@example.com,+91-9000000860,40,Hyderabad,Karnataka,Acme Corp,Individual,Pending,10,2075.00,2025-09-21
CUST-0861,User0861,Test0861,user0861@example.com,+91-9000000861,41,Mumbai,Rajasthan,Globex,Business,Active,11,2076.25,2025-10-22
CUST-0862,User0862,Test0862,user0862@example.com,+91-9000000862,42,Pune,Tamil Nadu,Initech,Enterprise,Inactive,12,2077.50,2025-11-23
CUST-0863,User0863,Test0863,user0863@example.com,+91-9000000863,43,Delhi,Telangana,Stark Industries,Individual,Pending,13,2078.75,2025-12-24
CUST-0864,User0864,Test0864,user0864@example.com,+91-9000000864,44,Bengaluru,Maharashtra,Wayne Enterprises,Business,Active,14,2080.00,2025-01-25
CUST-0865,User0865,Test0865,user0865@example.com,+91-9000000865,45,Jaipur,Delhi,Acme Corp,Enterprise,Inactive,15,2081.25,2025-02-26
CUST-0866,User0866,Test0866,user0866@example.com,+91-9000000866,46,Chennai,Karnataka,Globex,Individual,Pending,16,2082.50,2025-03-27
CUST-0867,User0867,Test0867,user0867@example.com,+91-9000000867,47,Hyderabad,Rajasthan,Initech,Business,Active,17,2083.75,2025-04-28
CUST-0868,User0868,Test0868,user0868@example.com,+91-9000000868,48,Mumbai,Tamil Nadu,Stark Industries,Enterprise,Inactive,18,2085.00,2025-05-01
CUST-0869,User0869,Test0869,user0869@example.com,+91-9000000869,49,Pune,Telangana,Wayne Enterprises,Individual,Pending,19,2086.25,2025-06-02
CUST-0870,User0870,Test0870,user0870@example.com,+91-9000000870,50,Delhi,Maharashtra,Acme Corp,Business,Active,20,2087.50,2025-07-03
CUST-0871,User0871,Test0871,user0871@example.com,+91-9000000871,51,Bengaluru,Delhi,Globex,Enterprise,Inactive,21,2088.75,2025-08-04
CUST-0872,User0872,Test0872,user0872@example.com,+91-9000000872,52,Jaipur,Karnataka,Initech,Individual,Pending,22,2090.00,2025-09-05
CUST-0873,User0873,Test0873,user0873@example.com,+91-9000000873,53,Chennai,Rajasthan,Stark Industries,Business,Active,23,2091.25,2025-10-06
CUST-0874,User0874,Test0874,user0874@example.com,+91-9000000874,54,Hyderabad,Tamil Nadu,Wayne Enterprises,Enterprise,Inactive,24,2092.50,2025-11-07
CUST-0875,User0875,Test0875,user0875@example.com,+91-9000000875,55,Mumbai,Telangana,Acme Corp,Individual,Pending,25,2093.75,2025-12-08
CUST-0876,User0876,Test0876,user0876@example.com,+91-9000000876,56,Pune,Maharashtra,Globex,Business,Active,26,2095.00,2025-01-09
CUST-0877,User0877,Test0877,user0877@example.com,+91-9000000877,57,Delhi,Delhi,Initech,Enterprise,Inactive,27,2096.25,2025-02-10
CUST-0878,User0878,Test0878,user0878@example.com,+91-9000000878,58,Bengaluru,Karnataka,Stark Industries,Individual,Pending,28,2097.50,2025-03-11
CUST-0879,User0879,Test0879,user0879@example.com,+91-9000000879,59,Jaipur,Rajasthan,Wayne Enterprises,Business,Active,29,2098.75,2025-04-12
CUST-0880,User0880,Test0880,user0880@example.com,+91-9000000880,20,Chennai,Tamil Nadu,Acme Corp,Enterprise,Inactive,30,2100.00,2025-05-13
CUST-0881,User0881,Test0881,user0881@example.com,+91-9000000881,21,Hyderabad,Telangana,Globex,Individual,Pending,31,2101.25,2025-06-14
CUST-0882,User0882,Test0882,user0882@example.com,+91-9000000882,22,Mumbai,Maharashtra,Initech,Business,Active,32,2102.50,2025-07-15
CUST-0883,User0883,Test0883,user0883@example.com,+91-9000000883,23,Pune,Delhi,Stark Industries,Enterprise,Inactive,33,2103.75,2025-08-16
CUST-0884,User0884,Test0884,user0884@example.com,+91-9000000884,24,Delhi,Karnataka,Wayne Enterprises,Individual,Pending,34,2105.00,2025-09-17
CUST-0885,User0885,Test0885,user0885@example.com,+91-9000000885,25,Bengaluru,Rajasthan,Acme Corp,Business,Active,35,2106.25,2025-10-18
CUST-0886,User0886,Test0886,user0886@example.com,+91-9000000886,26,Jaipur,Tamil Nadu,Globex,Enterprise,Inactive,36,2107.50,2025-11-19
CUST-0887,User0887,Test0887,user0887@example.com,+91-9000000887,27,Chennai,Telangana,Initech,Individual,Pending,37,2108.75,2025-12-20
CUST-0888,User0888,Test0888,user0888@example.com,+91-9000000888,28,Hyderabad,Maharashtra,Stark Industries,Business,Active,38,2110.00,2025-01-21
CUST-0889,User0889,Test0889,user0889@example.com,+91-9000000889,29,Mumbai,Delhi,Wayne Enterprises,Enterprise,Inactive,39,2111.25,2025-02-22
CUST-0890,User0890,Test0890,user0890@example.com,+91-9000000890,30,Pune,Karnataka,Acme Corp,Individual,Pending,40,2112.50,2025-03-23
CUST-0891,User0891,Test0891,user0891@example.com,+91-9000000891,31,Delhi,Rajasthan,Globex,Business,Active,41,2113.75,2025-04-24
CUST-0892,User0892,Test0892,user0892@example.com,+91-9000000892,32,Bengaluru,Tamil Nadu,Initech,Enterprise,Inactive,42,2115.00,2025-05-25
CUST-0893,User0893,Test0893,user0893@example.com,+91-9000000893,33,Jaipur,Telangana,Stark Industries,Individual,Pending,43,2116.25,2025-06-26
CUST-0894,User0894,Test0894,user0894@example.com,+91-9000000894,34,Chennai,Maharashtra,Wayne Enterprises,Business,Active,44,2117.50,2025-07-27
CUST-0895,User0895,Test0895,user0895@example.com,+91-9000000895,35,Hyderabad,Delhi,Acme Corp,Enterprise,Inactive,45,2118.75,2025-08-28
CUST-0896,User0896,Test0896,user0896@example.com,+91-9000000896,36,Mumbai,Karnataka,Globex,Individual,Pending,46,2120.00,2025-09-01
CUST-0897,User0897,Test0897,user0897@example.com,+91-9000000897,37,Pune,Rajasthan,Initech,Business,Active,47,2121.25,2025-10-02
CUST-0898,User0898,Test0898,user0898@example.com,+91-9000000898,38,Delhi,Tamil Nadu,Stark Industries,Enterprise,Inactive,48,2122.50,2025-11-03
CUST-0899,User0899,Test0899,user0899@example.com,+91-9000000899,39,Bengaluru,Telangana,Wayne Enterprises,Individual,Pending,49,2123.75,2025-12-04
CUST-0900,User0900,Test0900,user0900@example.com,+91-9000000900,40,Jaipur,Maharashtra,Acme Corp,Business,Active,0,2125.00,2025-01-05
CUST-0901,User0901,Test0901,user0901@example.com,+91-9000000901,41,Chennai,Delhi,Globex,Enterprise,Inactive,1,2126.25,2025-02-06
CUST-0902,User0902,Test0902,user0902@example.com,+91-9000000902,42,Hyderabad,Karnataka,Initech,Individual,Pending,2,2127.50,2025-03-07
CUST-0903,User0903,Test0903,user0903@example.com,+91-9000000903,43,Mumbai,Rajasthan,Stark Industries,Business,Active,3,2128.75,2025-04-08
CUST-0904,User0904,Test0904,user0904@example.com,+91-9000000904,44,Pune,Tamil Nadu,Wayne Enterprises,Enterprise,Inactive,4,2130.00,2025-05-09
CUST-0905,User0905,Test0905,user0905@example.com,+91-9000000905,45,Delhi,Telangana,Acme Corp,Individual,Pending,5,2131.25,2025-06-10
CUST-0906,User0906,Test0906,user0906@example.com,+91-9000000906,46,Bengaluru,Maharashtra,Globex,Business,Active,6,2132.50,2025-07-11
CUST-0907,User0907,Test0907,user0907@example.com,+91-9000000907,47,Jaipur,Delhi,Initech,Enterprise,Inactive,7,2133.75,2025-08-12
CUST-0908,User0908,Test0908,user0908@example.com,+91-9000000908,48,Chennai,Karnataka,Stark Industries,Individual,Pending,8,2135.00,2025-09-13
CUST-0909,User0909,Test0909,user0909@example.com,+91-9000000909,49,Hyderabad,Rajasthan,Wayne Enterprises,Business,Active,9,2136.25,2025-10-14
CUST-0910,User0910,Test0910,user0910@example.com,+91-9000000910,50,Mumbai,Tamil Nadu,Acme Corp,Enterprise,Inactive,10,2137.50,2025-11-15
CUST-0911,User0911,Test0911,user0911@example.com,+91-9000000911,51,Pune,Telangana,Globex,Individual,Pending,11,2138.75,2025-12-16
CUST-0912,User0912,Test0912,user0912@example.com,+91-9000000912,52,Delhi,Maharashtra,Initech,Business,Active,12,2140.00,2025-01-17
CUST-0913,User0913,Test0913,user0913@example.com,+91-9000000913,53,Bengaluru,Delhi,Stark Industries,Enterprise,Inactive,13,2141.25,2025-02-18
CUST-0914,User0914,Test0914,user0914@example.com,+91-9000000914,54,Jaipur,Karnataka,Wayne Enterprises,Individual,Pending,14,2142.50,2025-03-19
CUST-0915,User0915,Test0915,user0915@example.com,+91-9000000915,55,Chennai,Rajasthan,Acme Corp,Business,Active,15,2143.75,2025-04-20
CUST-0916,User0916,Test0916,user0916@example.com,+91-9000000916,56,Hyderabad,Tamil Nadu,Globex,Enterprise,Inactive,16,2145.00,2025-05-21
CUST-0917,User0917,Test0917,user0917@example.com,+91-9000000917,57,Mumbai,Telangana,Initech,Individual,Pending,17,2146.25,2025-06-22
CUST-0918,User0918,Test0918,user0918@example.com,+91-9000000918,58,Pune,Maharashtra,Stark Industries,Business,Active,18,2147.50,2025-07-23
CUST-0919,User0919,Test0919,user0919@example.com,+91-9000000919,59,Delhi,Delhi,Wayne Enterprises,Enterprise,Inactive,19,2148.75,2025-08-24
CUST-0920,User0920,Test0920,user0920@example.com,+91-9000000920,20,Bengaluru,Karnataka,Acme Corp,Individual,Pending,20,2150.00,2025-09-25
CUST-0921,User0921,Test0921,user0921@example.com,+91-9000000921,21,Jaipur,Rajasthan,Globex,Business,Active,21,2151.25,2025-10-26
CUST-0922,User0922,Test0922,user0922@example.com,+91-9000000922,22,Chennai,Tamil Nadu,Initech,Enterprise,Inactive,22,2152.50,2025-11-27
CUST-0923,User0923,Test0923,user0923@example.com,+91-9000000923,23,Hyderabad,Telangana,Stark Industries,Individual,Pending,23,2153.75,2025-12-28
CUST-0924,User0924,Test0924,user0924@example.com,+91-9000000924,24,Mumbai,Maharashtra,Wayne Enterprises,Business,Active,24,2155.00,2025-01-01
CUST-0925,User0925,Test0925,user0925@example.com,+91-9000000925,25,Pune,Delhi,Acme Corp,Enterprise,Inactive,25,2156.25,2025-02-02
CUST-0926,User0926,Test0926,user0926@example.com,+91-9000000926,26,Delhi,Karnataka,Globex,Individual,Pending,26,2157.50,2025-03-03
CUST-0927,User0927,Test0927,user0927@example.com,+91-9000000927,27,Bengaluru,Rajasthan,Initech,Business,Active,27,2158.75,2025-04-04
CUST-0928,User0928,Test0928,user0928@example.com,+91-9000000928,28,Jaipur,Tamil Nadu,Stark Industries,Enterprise,Inactive,28,2160.00,2025-05-05
CUST-0929,User0929,Test0929,user0929@example.com,+91-9000000929,29,Chennai,Telangana,Wayne Enterprises,Individual,Pending,29,2161.25,2025-06-06
CUST-0930,User0930,Test0930,user0930@example.com,+91-9000000930,30,Hyderabad,Maharashtra,Acme Corp,Business,Active,30,2162.50,2025-07-07
CUST-0931,User0931,Test0931,user0931@example.com,+91-9000000931,31,Mumbai,Delhi,Globex,Enterprise,Inactive,31,2163.75,2025-08-08
CUST-0932,User0932,Test0932,user0932@example.com,+91-9000000932,32,Pune,Karnataka,Initech,Individual,Pending,32,2165.00,2025-09-09
CUST-0933,User0933,Test0933,user0933@example.com,+91-9000000933,33,Delhi,Rajasthan,Stark Industries,Business,Active,33,2166.25,2025-10-10
CUST-0934,User0934,Test0934,user0934@example.com,+91-9000000934,34,Bengaluru,Tamil Nadu,Wayne Enterprises,Enterprise,Inactive,34,2167.50,2025-11-11
CUST-0935,User0935,Test0935,user0935@example.com,+91-9000000935,35,Jaipur,Telangana,Acme Corp,Individual,Pending,35,2168.75,2025-12-12
CUST-0936,User0936,Test0936,user0936@example.com,+91-9000000936,36,Chennai,Maharashtra,Globex,Business,Active,36,2170.00,2025-01-13
CUST-0937,User0937,Test0937,user0937@example.com,+91-9000000937,37,Hyderabad,Delhi,Initech,Enterprise,Inactive,37,2171.25,2025-02-14
CUST-0938,User0938,Test0938,user0938@example.com,+91-9000000938,38,Mumbai,Karnataka,Stark Industries,Individual,Pending,38,2172.50,2025-03-15
CUST-0939,User0939,Test0939,user0939@example.com,+91-9000000939,39,Pune,Rajasthan,Wayne Enterprises,Business,Active,39,2173.75,2025-04-16
CUST-0940,User0940,Test0940,user0940@example.com,+91-9000000940,40,Delhi,Tamil Nadu,Acme Corp,Enterprise,Inactive,40,2175.00,2025-05-17
CUST-0941,User0941,Test0941,user0941@example.com,+91-9000000941,41,Bengaluru,Telangana,Globex,Individual,Pending,41,2176.25,2025-06-18
CUST-0942,User0942,Test0942,user0942@example.com,+91-9000000942,42,Jaipur,Maharashtra,Initech,Business,Active,42,2177.50,2025-07-19
CUST-0943,User0943,Test0943,user0943@example.com,+91-9000000943,43,Chennai,Delhi,Stark Industries,Enterprise,Inactive,43,2178.75,2025-08-20
CUST-0944,User0944,Test0944,user0944@example.com,+91-9000000944,44,Hyderabad,Karnataka,Wayne Enterprises,Individual,Pending,44,2180.00,2025-09-21
CUST-0945,User0945,Test0945,user0945@example.com,+91-9000000945,45,Mumbai,Rajasthan,Acme Corp,Business,Active,45,2181.25,2025-10-22
CUST-0946,User0946,Test0946,user0946@example.com,+91-9000000946,46,Pune,Tamil Nadu,Globex,Enterprise,Inactive,46,2182.50,2025-11-23
CUST-0947,User0947,Test0947,user0947@example.com,+91-9000000947,47,Delhi,Telangana,Initech,Individual,Pending,47,2183.75,2025-12-24
CUST-0948,User0948,Test0948,user0948@example.com,+91-9000000948,48,Bengaluru,Maharashtra,Stark Industries,Business,Active,48,2185.00,2025-01-25
CUST-0949,User0949,Test0949,user0949@example.com,+91-9000000949,49,Jaipur,Delhi,Wayne Enterprises,Enterprise,Inactive,49,2186.25,2025-02-26
CUST-0950,User0950,Test0950,user0950@example.com,+91-9000000950,50,Chennai,Karnataka,Acme Corp,Individual,Pending,0,2187.50,2025-03-27
CUST-0951,User0951,Test0951,user0951@example.com,+91-9000000951,51,Hyderabad,Rajasthan,Globex,Business,Active,1,2188.75,2025-04-28
CUST-0952,User0952,Test0952,user0952@example.com,+91-9000000952,52,Mumbai,Tamil Nadu,Initech,Enterprise,Inactive,2,2190.00,2025-05-01
CUST-0953,User0953,Test0953,user0953@example.com,+91-9000000953,53,Pune,Telangana,Stark Industries,Individual,Pending,3,2191.25,2025-06-02
CUST-0954,User0954,Test0954,user0954@example.com,+91-9000000954,54,Delhi,Maharashtra,Wayne Enterprises,Business,Active,4,2192.50,2025-07-03
CUST-0955,User0955,Test0955,user0955@example.com,+91-9000000955,55,Bengaluru,Delhi,Acme Corp,Enterprise,Inactive,5,2193.75,2025-08-04
CUST-0956,User0956,Test0956,user0956@example.com,+91-9000000956,56,Jaipur,Karnataka,Globex,Individual,Pending,6,2195.00,2025-09-05
CUST-0957,User0957,Test0957,user0957@example.com,+91-9000000957,57,Chennai,Rajasthan,Initech,Business,Active,7,2196.25,2025-10-06
CUST-0958,User0958,Test0958,user0958@example.com,+91-9000000958,58,Hyderabad,Tamil Nadu,Stark Industries,Enterprise,Inactive,8,2197.50,2025-11-07
CUST-0959,User0959,Test0959,user0959@example.com,+91-9000000959,59,Mumbai,Telangana,Wayne Enterprises,Individual,Pending,9,2198.75,2025-12-08
CUST-0960,User0960,Test0960,user0960@example.com,+91-9000000960,20,Pune,Maharashtra,Acme Corp,Business,Active,10,2200.00,2025-01-09
CUST-0961,User0961,Test0961,user0961@example.com,+91-9000000961,21,Delhi,Delhi,Globex,Enterprise,Inactive,11,2201.25,2025-02-10
CUST-0962,User0962,Test0962,user0962@example.com,+91-9000000962,22,Bengaluru,Karnataka,Initech,Individual,Pending,12,2202.50,2025-03-11
CUST-0963,User0963,Test0963,user0963@example.com,+91-9000000963,23,Jaipur,Rajasthan,Stark Industries,Business,Active,13,2203.75,2025-04-12
CUST-0964,User0964,Test0964,user0964@example.com,+91-9000000964,24,Chennai,Tamil Nadu,Wayne Enterprises,Enterprise,Inactive,14,2205.00,2025-05-13
CUST-0965,User0965,Test0965,user0965@example.com,+91-9000000965,25,Hyderabad,Telangana,Acme Corp,Individual,Pending,15,2206.25,2025-06-14
CUST-0966,User0966,Test0966,user0966@example.com,+91-9000000966,26,Mumbai,Maharashtra,Globex,Business,Active,16,2207.50,2025-07-15
CUST-0967,User0967,Test0967,user0967@example.com,+91-9000000967,27,Pune,Delhi,Initech,Enterprise,Inactive,17,2208.75,2025-08-16
CUST-0968,User0968,Test0968,user0968@example.com,+91-9000000968,28,Delhi,Karnataka,Stark Industries,Individual,Pending,18,2210.00,2025-09-17
CUST-0969,User0969,Test0969,user0969@example.com,+91-9000000969,29,Bengaluru,Rajasthan,Wayne Enterprises,Business,Active,19,2211.25,2025-10-18
CUST-0970,User0970,Test0970,user0970@example.com,+91-9000000970,30,Jaipur,Tamil Nadu,Acme Corp,Enterprise,Inactive,20,2212.50,2025-11-19
CUST-0971,User0971,Test0971,user0971@example.com,+91-9000000971,31,Chennai,Telangana,Globex,Individual,Pending,21,2213.75,2025-12-20
CUST-0972,User0972,Test0972,user0972@example.com,+91-9000000972,32,Hyderabad,Maharashtra,Initech,Business,Active,22,2215.00,2025-01-21
CUST-0973,User0973,Test0973,user0973@example.com,+91-9000000973,33,Mumbai,Delhi,Stark Industries,Enterprise,Inactive,23,2216.25,2025-02-22
CUST-0974,User0974,Test0974,user0974@example.com,+91-9000000974,34,Pune,Karnataka,Wayne Enterprises,Individual,Pending,24,2217.50,2025-03-23
CUST-0975,User0975,Test0975,user0975@example.com,+91-9000000975,35,Delhi,Rajasthan,Acme Corp,Business,Active,25,2218.75,2025-04-24
CUST-0976,User0976,Test0976,user0976@example.com,+91-9000000976,36,Bengaluru,Tamil Nadu,Globex,Enterprise,Inactive,26,2220.00,2025-05-25
CUST-0977,User0977,Test0977,user0977@example.com,+91-9000000977,37,Jaipur,Telangana,Initech,Individual,Pending,27,2221.25,2025-06-26
CUST-0978,User0978,Test0978,user0978@example.com,+91-9000000978,38,Chennai,Maharashtra,Stark Industries,Business,Active,28,2222.50,2025-07-27
CUST-0979,User0979,Test0979,user0979@example.com,+91-9000000979,39,Hyderabad,Delhi,Wayne Enterprises,Enterprise,Inactive,29,2223.75,2025-08-28
CUST-0980,User0980,Test0980,user0980@example.com,+91-9000000980,40,Mumbai,Karnataka,Acme Corp,Individual,Pending,30,2225.00,2025-09-01
CUST-0981,User0981,Test0981,user0981@example.com,+91-9000000981,41,Pune,Rajasthan,Globex,Business,Active,31,2226.25,2025-10-02
CUST-0982,User0982,Test0982,user0982@example.com,+91-9000000982,42,Delhi,Tamil Nadu,Initech,Enterprise,Inactive,32,2227.50,2025-11-03
CUST-0983,User0983,Test0983,user0983@example.com,+91-9000000983,43,Bengaluru,Telangana,Stark Industries,Individual,Pending,33,2228.75,2025-12-04
CUST-0984,User0984,Test0984,user0984@example.com,+91-9000000984,44,Jaipur,Maharashtra,Wayne Enterprises,Business,Active,34,2230.00,2025-01-05
CUST-0985,User0985,Test0985,user0985@example.com,+91-9000000985,45,Chennai,Delhi,Acme Corp,Enterprise,Inactive,35,2231.25,2025-02-06
CUST-0986,User0986,Test0986,user0986@example.com,+91-9000000986,46,Hyderabad,Karnataka,Globex,Individual,Pending,36,2232.50,2025-03-07
CUST-0987,User0987,Test0987,user0987@example.com,+91-9000000987,47,Mumbai,Rajasthan,Initech,Business,Active,37,2233.75,2025-04-08
CUST-0988,User0988,Test0988,user0988@example.com,+91-9000000988,48,Pune,Tamil Nadu,Stark Industries,Enterprise,Inactive,38,2235.00,2025-05-09
CUST-0989,User0989,Test0989,user0989@example.com,+91-9000000989,49,Delhi,Telangana,Wayne Enterprises,Individual,Pending,39,2236.25,2025-06-10
CUST-0990,User0990,Test0990,user0990@example.com,+91-9000000990,50,Bengaluru,Maharashtra,Acme Corp,Business,Active,40,2237.50,2025-07-11
CUST-0991,User0991,Test0991,user0991@example.com,+91-9000000991,51,Jaipur,Delhi,Globex,Enterprise,Inactive,41,2238.75,2025-08-12
CUST-0992,User0992,Test0992,user0992@example.com,+91-9000000992,52,Chennai,Karnataka,Initech,Individual,Pending,42,2240.00,2025-09-13
CUST-0993,User0993,Test0993,user0993@example.com,+91-9000000993,53,Hyderabad,Rajasthan,Stark Industries,Business,Active,43,2241.25,2025-10-14
CUST-0994,User0994,Test0994,user0994@example.com,+91-9000000994,54,Mumbai,Tamil Nadu,Wayne Enterprises,Enterprise,Inactive,44,2242.50,2025-11-15
CUST-0995,User0995,Test0995,user0995@example.com,+91-9000000995,55,Pune,Telangana,Acme Corp,Individual,Pending,45,2243.75,2025-12-16
CUST-0996,User0996,Test0996,user0996@example.com,+91-9000000996,56,Delhi,Maharashtra,Globex,Business,Active,46,2245.00,2025-01-17
CUST-0997,User0997,Test0997,user0997@example.com,+91-9000000997,57,Bengaluru,Delhi,Initech,Enterprise,Inactive,47,2246.25,2025-02-18
CUST-0998,User0998,Test0998,user0998@example.com,+91-9000000998,58,Jaipur,Karnataka,Stark Industries,Individual,Pending,48,2247.50,2025-03-19
CUST-0999,User0999,Test0999,user0999@example.com,+91-9000000999,59,Chennai,Rajasthan,Wayne Enterprises,Business,Active,49,2248.75,2025-04-20
CUST-1000,User1000,Test1000,user1000@example.com,+91-9000001000,20,Hyderabad,Tamil Nadu,Acme Corp,Enterprise,Inactive,0,2250.00,2025-05-21